Date:  13:16, Monday, July 10, 2023
Model name: Hollow_DropBox
Study name: DropTest_300fts(-Default-)
Plot type:  Displacement1
Plot step: 19   time : 99.7085 Microseconds
Result Type: URES 


Node  ,Value (in)  ,X (in)  ,Y (in)  ,Z (in)
1  ,5.053e-02   ,2.5  ,2.1331  ,4.9
2  ,4.505e-02   ,2.4577  ,2.1908  ,4.9577
3  ,4.895e-02   ,2.4894  ,2.1331  ,4.9447
4  ,6.278e-02   ,2.1331  ,2.5  ,4.9
5  ,6.299e-02   ,2.1331  ,2.4894  ,4.9447
6  ,5.915e-02   ,2.1908  ,2.4577  ,4.9577
7  ,2.353e-01   ,-2.4  ,2.4  ,5
8  ,2.089e-01   ,-2.4  ,-2.4  ,5
9  ,1.787e-02   ,2.4  ,-2.4  ,5
10  ,5.007e-02   ,2.4  ,2.1331  ,5
11  ,6.336e-02   ,2.1331  ,2.4  ,5
12  ,1.787e-02   ,2.5  ,-2.4  ,4.9
13  ,2.088e-01   ,2.5  ,-2.4  ,0.1
14  ,2.347e-01   ,2.5  ,2.4  ,0.1
15  ,6.331e-02   ,2.5  ,2.4  ,4.6331
16  ,2.348e-01   ,2.4  ,2.5  ,0.1
17  ,2.067e-01   ,-2.4  ,2.5  ,0.1
18  ,2.351e-01   ,-2.4  ,2.5  ,4.9
19  ,6.245e-02   ,2.4  ,2.5  ,4.6331
20  ,2.082e-01   ,-2.5  ,2.4  ,0.1
21  ,2.814e-01   ,-2.5  ,-2.4  ,0.1
22  ,2.027e-01   ,-2.5  ,-2.4  ,4.9
23  ,2.368e-01   ,-2.5  ,2.4  ,4.9
24  ,2.816e-01   ,-2.3  ,-2.5  ,0.2
25  ,2.175e-01   ,-2.3  ,-2.5  ,4.8
26  ,2.860e-02   ,2.3  ,-2.5  ,4.8
27  ,2.176e-01   ,2.3  ,-2.5  ,0.2
28  ,2.090e-01   ,-2.4  ,-2.5  ,4.9
29  ,2.129e-02   ,2.4  ,-2.5  ,4.9
30  ,2.817e-01   ,-2.4  ,-2.5  ,0.1
31  ,2.089e-01   ,2.4  ,-2.5  ,0.1
32  ,2.023e-01   ,2.4  ,-2.4  ,0
33  ,2.363e-01   ,2.4  ,2.4  ,0
34  ,2.813e-01   ,-2.4  ,-2.4  ,0
35  ,2.081e-01   ,-2.4  ,2.4  ,0
36  ,5.962e-02   ,2.4577  ,2.4577  ,4.6908
37  ,2.305e-01   ,-2.3  ,2.3  ,4.8
38  ,5.113e-02   ,2.1599  ,2.3  ,4.8
39  ,5.305e-02   ,2.3  ,2.1599  ,4.8
40  ,5.145e-02   ,2.3  ,2.3  ,4.6599
41  ,2.295e-01   ,2.3  ,2.3  ,0.2
42  ,2.161e-01   ,-2.3  ,2.3  ,0.2
43  ,2.333e-01   ,-2.4  ,2.2  ,5
44  ,2.312e-01   ,-2.4  ,2  ,5
45  ,2.292e-01   ,-2.4  ,1.8  ,5
46  ,2.275e-01   ,-2.4  ,1.6  ,5
47  ,2.261e-01   ,-2.4  ,1.4  ,5
48  ,2.251e-01   ,-2.4  ,1.2  ,5
49  ,2.242e-01   ,-2.4  ,1  ,5
50  ,2.232e-01   ,-2.4  ,0.8  ,5
51  ,2.221e-01   ,-2.4  ,0.6  ,5
52  ,2.211e-01   ,-2.4  ,0.4  ,5
53  ,2.203e-01   ,-2.4  ,0.2  ,5
54  ,2.194e-01   ,-2.4  ,5.8879E-16  ,5
55  ,2.185e-01   ,-2.4  ,-0.2  ,5
56  ,2.178e-01   ,-2.4  ,-0.4  ,5
57  ,2.172e-01   ,-2.4  ,-0.6  ,5
58  ,2.165e-01   ,-2.4  ,-0.8  ,5
59  ,2.158e-01   ,-2.4  ,-1  ,5
60  ,2.147e-01   ,-2.4  ,-1.2  ,5
61  ,2.138e-01   ,-2.4  ,-1.4  ,5
62  ,2.128e-01   ,-2.4  ,-1.6  ,5
63  ,2.118e-01   ,-2.4  ,-1.8  ,5
64  ,2.108e-01   ,-2.4  ,-2  ,5
65  ,2.095e-01   ,-2.4  ,-2.2  ,5
66  ,2.225e-01   ,-2.2  ,-2.4  ,5
67  ,2.322e-01   ,-2  ,-2.4  ,5
68  ,2.370e-01   ,-1.8  ,-2.4  ,5
69  ,2.378e-01   ,-1.6  ,-2.4  ,5
70  ,2.364e-01   ,-1.4  ,-2.4  ,5
71  ,2.342e-01   ,-1.2  ,-2.4  ,5
72  ,2.323e-01   ,-1  ,-2.4  ,5
73  ,2.316e-01   ,-0.8  ,-2.4  ,5
74  ,2.322e-01   ,-0.6  ,-2.4  ,5
75  ,2.333e-01   ,-0.4  ,-2.4  ,5
76  ,2.334e-01   ,-0.2  ,-2.4  ,5
77  ,2.320e-01   ,-5.8879E-16  ,-2.4  ,5
78  ,2.287e-01   ,0.2  ,-2.4  ,5
79  ,2.223e-01   ,0.4  ,-2.4  ,5
80  ,2.119e-01   ,0.6  ,-2.4  ,5
81  ,1.976e-01   ,0.8  ,-2.4  ,5
82  ,1.792e-01   ,1  ,-2.4  ,5
83  ,1.562e-01   ,1.2  ,-2.4  ,5
84  ,1.285e-01   ,1.4  ,-2.4  ,5
85  ,9.793e-02   ,1.6  ,-2.4  ,5
86  ,6.717e-02   ,1.8  ,-2.4  ,5
87  ,4.096e-02   ,2  ,-2.4  ,5
88  ,2.485e-02   ,2.2  ,-2.4  ,5
89  ,2.064e-02   ,2.4  ,-2.2029  ,5
90  ,2.446e-02   ,2.4  ,-2.0058  ,5
91  ,2.862e-02   ,2.4  ,-1.8087  ,5
92  ,3.271e-02   ,2.4  ,-1.6116  ,5
93  ,3.663e-02   ,2.4  ,-1.4145  ,5
94  ,4.078e-02   ,2.4  ,-1.2175  ,5
95  ,4.549e-02   ,2.4  ,-1.0204  ,5
96  ,4.959e-02   ,2.4  ,-0.82327  ,5
97  ,5.388e-02   ,2.4  ,-0.62618  ,5
98  ,5.744e-02   ,2.4  ,-0.42909  ,5
99  ,6.081e-02   ,2.4  ,-0.232  ,5
100  ,6.363e-02   ,2.4  ,-0.034907  ,5
101  ,6.616e-02   ,2.4  ,0.16218  ,5
102  ,6.817e-02   ,2.4  ,0.35927  ,5
103  ,6.999e-02   ,2.4  ,0.55637  ,5
104  ,7.166e-02   ,2.4  ,0.75346  ,5
105  ,7.289e-02   ,2.4  ,0.95055  ,5
106  ,7.274e-02   ,2.4  ,1.1476  ,5
107  ,7.110e-02   ,2.4  ,1.3447  ,5
108  ,6.768e-02   ,2.4  ,1.5418  ,5
109  ,6.291e-02   ,2.4  ,1.7389  ,5
110  ,5.756e-02   ,2.4  ,1.936  ,5
111  ,5.459e-02   ,2.2665  ,2.2665  ,5
112  ,7.534e-02   ,1.936  ,2.4  ,5
113  ,8.654e-02   ,1.7389  ,2.4  ,5
114  ,9.721e-02   ,1.5418  ,2.4  ,5
115  ,1.068e-01   ,1.3447  ,2.4  ,5
116  ,1.155e-01   ,1.1476  ,2.4  ,5
117  ,1.230e-01   ,0.95055  ,2.4  ,5
118  ,1.300e-01   ,0.75346  ,2.4  ,5
119  ,1.367e-01   ,0.55637  ,2.4  ,5
120  ,1.434e-01   ,0.35927  ,2.4  ,5
121  ,1.500e-01   ,0.16218  ,2.4  ,5
122  ,1.564e-01   ,-0.034907  ,2.4  ,5
123  ,1.627e-01   ,-0.232  ,2.4  ,5
124  ,1.692e-01   ,-0.42909  ,2.4  ,5
125  ,1.762e-01   ,-0.62618  ,2.4  ,5
126  ,1.836e-01   ,-0.82327  ,2.4  ,5
127  ,1.914e-01   ,-1.0204  ,2.4  ,5
128  ,1.990e-01   ,-1.2175  ,2.4  ,5
129  ,2.062e-01   ,-1.4145  ,2.4  ,5
130  ,2.132e-01   ,-1.6116  ,2.4  ,5
131  ,2.194e-01   ,-1.8087  ,2.4  ,5
132  ,2.252e-01   ,-2.0058  ,2.4  ,5
133  ,2.305e-01   ,-2.2029  ,2.4  ,5
294  ,2.058e-02   ,2.5  ,-2.2029  ,4.9
295  ,2.438e-02   ,2.5  ,-2.0058  ,4.9
296  ,2.835e-02   ,2.5  ,-1.8087  ,4.9
297  ,3.244e-02   ,2.5  ,-1.6116  ,4.9
298  ,3.646e-02   ,2.5  ,-1.4145  ,4.9
299  ,4.053e-02   ,2.5  ,-1.2175  ,4.9
300  ,4.537e-02   ,2.5  ,-1.0204  ,4.9
301  ,4.971e-02   ,2.5  ,-0.82327  ,4.9
302  ,5.380e-02   ,2.5  ,-0.62618  ,4.9
303  ,5.719e-02   ,2.5  ,-0.42909  ,4.9
304  ,6.063e-02   ,2.5  ,-0.232  ,4.9
305  ,6.327e-02   ,2.5  ,-0.034907  ,4.9
306  ,6.545e-02   ,2.5  ,0.16218  ,4.9
307  ,6.789e-02   ,2.5  ,0.35927  ,4.9
308  ,6.961e-02   ,2.5  ,0.55637  ,4.9
309  ,7.123e-02   ,2.5  ,0.75346  ,4.9
310  ,7.239e-02   ,2.5  ,0.95055  ,4.9
311  ,7.233e-02   ,2.5  ,1.1476  ,4.9
312  ,7.065e-02   ,2.5  ,1.3447  ,4.9
313  ,6.720e-02   ,2.5  ,1.5418  ,4.9
314  ,6.289e-02   ,2.5  ,1.7389  ,4.9
315  ,5.721e-02   ,2.5  ,1.936  ,4.9
316  ,2.505e-02   ,2.5  ,-2.4  ,4.7
317  ,4.096e-02   ,2.5  ,-2.4  ,4.5
318  ,6.678e-02   ,2.5  ,-2.4  ,4.3
319  ,9.741e-02   ,2.5  ,-2.4  ,4.1
320  ,1.282e-01   ,2.5  ,-2.4  ,3.9
321  ,1.562e-01   ,2.5  ,-2.4  ,3.7
322  ,1.796e-01   ,2.5  ,-2.4  ,3.5
323  ,1.984e-01   ,2.5  ,-2.4  ,3.3
324  ,2.127e-01   ,2.5  ,-2.4  ,3.1
325  ,2.228e-01   ,2.5  ,-2.4  ,2.9
326  ,2.290e-01   ,2.5  ,-2.4  ,2.7
327  ,2.322e-01   ,2.5  ,-2.4  ,2.5
328  ,2.335e-01   ,2.5  ,-2.4  ,2.3
329  ,2.337e-01   ,2.5  ,-2.4  ,2.1
330  ,2.332e-01   ,2.5  ,-2.4  ,1.9
331  ,2.327e-01   ,2.5  ,-2.4  ,1.7
332  ,2.335e-01   ,2.5  ,-2.4  ,1.5
333  ,2.360e-01   ,2.5  ,-2.4  ,1.3
334  ,2.388e-01   ,2.5  ,-2.4  ,1.1
335  ,2.401e-01   ,2.5  ,-2.4  ,0.9
336  ,2.385e-01   ,2.5  ,-2.4  ,0.7
337  ,2.330e-01   ,2.5  ,-2.4  ,0.5
338  ,2.229e-01   ,2.5  ,-2.4  ,0.3
339  ,2.094e-01   ,2.5  ,-2.2  ,0.1
340  ,2.105e-01   ,2.5  ,-2  ,0.1
341  ,2.113e-01   ,2.5  ,-1.8  ,0.1
342  ,2.122e-01   ,2.5  ,-1.6  ,0.1
343  ,2.132e-01   ,2.5  ,-1.4  ,0.1
344  ,2.141e-01   ,2.5  ,-1.2  ,0.1
345  ,2.152e-01   ,2.5  ,-1  ,0.1
346  ,2.160e-01   ,2.5  ,-0.8  ,0.1
347  ,2.168e-01   ,2.5  ,-0.6  ,0.1
348  ,2.173e-01   ,2.5  ,-0.4  ,0.1
349  ,2.181e-01   ,2.5  ,-0.2  ,0.1
350  ,2.192e-01   ,2.5  ,-1.7664E-15  ,0.1
351  ,2.201e-01   ,2.5  ,0.2  ,0.1
352  ,2.210e-01   ,2.5  ,0.4  ,0.1
353  ,2.218e-01   ,2.5  ,0.6  ,0.1
354  ,2.226e-01   ,2.5  ,0.8  ,0.1
355  ,2.233e-01   ,2.5  ,1  ,0.1
356  ,2.238e-01   ,2.5  ,1.2  ,0.1
357  ,2.248e-01   ,2.5  ,1.4  ,0.1
358  ,2.261e-01   ,2.5  ,1.6  ,0.1
359  ,2.279e-01   ,2.5  ,1.8  ,0.1
360  ,2.300e-01   ,2.5  ,2  ,0.1
361  ,2.323e-01   ,2.5  ,2.2  ,0.1
362  ,7.446e-02   ,2.5  ,2.4  ,4.436
363  ,8.595e-02   ,2.5  ,2.4  ,4.2389
364  ,9.640e-02   ,2.5  ,2.4  ,4.0418
365  ,1.056e-01   ,2.5  ,2.4  ,3.8447
366  ,1.142e-01   ,2.5  ,2.4  ,3.6476
367  ,1.219e-01   ,2.5  ,2.4  ,3.4505
368  ,1.288e-01   ,2.5  ,2.4  ,3.2535
369  ,1.353e-01   ,2.5  ,2.4  ,3.0564
370  ,1.419e-01   ,2.5  ,2.4  ,2.8593
371  ,1.483e-01   ,2.5  ,2.4  ,2.6622
372  ,1.549e-01   ,2.5  ,2.4  ,2.4651
373  ,1.616e-01   ,2.5  ,2.4  ,2.268
374  ,1.683e-01   ,2.5  ,2.4  ,2.0709
375  ,1.754e-01   ,2.5  ,2.4  ,1.8738
376  ,1.834e-01   ,2.5  ,2.4  ,1.6767
377  ,1.915e-01   ,2.5  ,2.4  ,1.4796
378  ,1.985e-01   ,2.5  ,2.4  ,1.2825
379  ,2.054e-01   ,2.5  ,2.4  ,1.0855
380  ,2.120e-01   ,2.5  ,2.4  ,0.88836
381  ,2.182e-01   ,2.5  ,2.4  ,0.69127
382  ,2.241e-01   ,2.5  ,2.4  ,0.49418
383  ,2.295e-01   ,2.5  ,2.4  ,0.29709
384  ,5.466e-02   ,2.5  ,2.2665  ,4.7665
544  ,2.326e-01   ,2.2  ,2.5  ,0.1
545  ,2.301e-01   ,2  ,2.5  ,0.1
546  ,2.280e-01   ,1.8  ,2.5  ,0.1
547  ,2.264e-01   ,1.6  ,2.5  ,0.1
548  ,2.252e-01   ,1.4  ,2.5  ,0.1
549  ,2.245e-01   ,1.2  ,2.5  ,0.1
550  ,2.240e-01   ,1  ,2.5  ,0.1
551  ,2.234e-01   ,0.8  ,2.5  ,0.1
552  ,2.224e-01   ,0.6  ,2.5  ,0.1
553  ,2.219e-01   ,0.4  ,2.5  ,0.1
554  ,2.216e-01   ,0.2  ,2.5  ,0.1
555  ,2.212e-01   ,5.8879E-16  ,2.5  ,0.1
556  ,2.209e-01   ,-0.2  ,2.5  ,0.1
557  ,2.201e-01   ,-0.4  ,2.5  ,0.1
558  ,2.190e-01   ,-0.6  ,2.5  ,0.1
559  ,2.181e-01   ,-0.8  ,2.5  ,0.1
560  ,2.175e-01   ,-1  ,2.5  ,0.1
561  ,2.168e-01   ,-1.2  ,2.5  ,0.1
562  ,2.159e-01   ,-1.4  ,2.5  ,0.1
563  ,2.147e-01   ,-1.6  ,2.5  ,0.1
564  ,2.134e-01   ,-1.8  ,2.5  ,0.1
565  ,2.116e-01   ,-2  ,2.5  ,0.1
566  ,2.095e-01   ,-2.2  ,2.5  ,0.1
567  ,2.328e-01   ,-2.4  ,2.5  ,4.7
568  ,2.303e-01   ,-2.4  ,2.5  ,4.5
569  ,2.281e-01   ,-2.4  ,2.5  ,4.3
570  ,2.263e-01   ,-2.4  ,2.5  ,4.1
571  ,2.252e-01   ,-2.4  ,2.5  ,3.9
572  ,2.243e-01   ,-2.4  ,2.5  ,3.7
573  ,2.238e-01   ,-2.4  ,2.5  ,3.5
574  ,2.231e-01   ,-2.4  ,2.5  ,3.3
575  ,2.223e-01   ,-2.4  ,2.5  ,3.1
576  ,2.218e-01   ,-2.4  ,2.5  ,2.9
577  ,2.213e-01   ,-2.4  ,2.5  ,2.7
578  ,2.207e-01   ,-2.4  ,2.5  ,2.5
579  ,2.200e-01   ,-2.4  ,2.5  ,2.3
580  ,2.193e-01   ,-2.4  ,2.5  ,2.1
581  ,2.185e-01   ,-2.4  ,2.5  ,1.9
582  ,2.180e-01   ,-2.4  ,2.5  ,1.7
583  ,2.174e-01   ,-2.4  ,2.5  ,1.5
584  ,2.169e-01   ,-2.4  ,2.5  ,1.3
585  ,2.161e-01   ,-2.4  ,2.5  ,1.1
586  ,2.150e-01   ,-2.4  ,2.5  ,0.9
587  ,2.137e-01   ,-2.4  ,2.5  ,0.7
588  ,2.119e-01   ,-2.4  ,2.5  ,0.5
589  ,2.096e-01   ,-2.4  ,2.5  ,0.3
590  ,7.765e-02   ,1.936  ,2.5  ,4.9
591  ,8.794e-02   ,1.7389  ,2.5  ,4.9
592  ,9.868e-02   ,1.5418  ,2.5  ,4.9
593  ,1.084e-01   ,1.3447  ,2.5  ,4.9
594  ,1.170e-01   ,1.1476  ,2.5  ,4.9
595  ,1.245e-01   ,0.95055  ,2.5  ,4.9
596  ,1.315e-01   ,0.75346  ,2.5  ,4.9
597  ,1.382e-01   ,0.55637  ,2.5  ,4.9
598  ,1.450e-01   ,0.35927  ,2.5  ,4.9
599  ,1.513e-01   ,0.16218  ,2.5  ,4.9
600  ,1.576e-01   ,-0.034907  ,2.5  ,4.9
601  ,1.637e-01   ,-0.232  ,2.5  ,4.9
602  ,1.700e-01   ,-0.42909  ,2.5  ,4.9
603  ,1.765e-01   ,-0.62618  ,2.5  ,4.9
604  ,1.838e-01   ,-0.82327  ,2.5  ,4.9
605  ,1.915e-01   ,-1.0204  ,2.5  ,4.9
606  ,1.989e-01   ,-1.2175  ,2.5  ,4.9
607  ,2.062e-01   ,-1.4145  ,2.5  ,4.9
608  ,2.131e-01   ,-1.6116  ,2.5  ,4.9
609  ,2.194e-01   ,-1.8087  ,2.5  ,4.9
610  ,2.252e-01   ,-2.0058  ,2.5  ,4.9
611  ,2.304e-01   ,-2.2029  ,2.5  ,4.9
612  ,6.068e-02   ,2.2665  ,2.5  ,4.7665
613  ,7.621e-02   ,2.4  ,2.5  ,4.436
614  ,8.809e-02   ,2.4  ,2.5  ,4.2389
615  ,9.828e-02   ,2.4  ,2.5  ,4.0418
616  ,1.080e-01   ,2.4  ,2.5  ,3.8447
617  ,1.167e-01   ,2.4  ,2.5  ,3.6476
618  ,1.242e-01   ,2.4  ,2.5  ,3.4505
619  ,1.312e-01   ,2.4  ,2.5  ,3.2535
620  ,1.378e-01   ,2.4  ,2.5  ,3.0564
621  ,1.445e-01   ,2.4  ,2.5  ,2.8593
622  ,1.509e-01   ,2.4  ,2.5  ,2.6622
623  ,1.573e-01   ,2.4  ,2.5  ,2.4651
624  ,1.638e-01   ,2.4  ,2.5  ,2.268
625  ,1.702e-01   ,2.4  ,2.5  ,2.0709
626  ,1.771e-01   ,2.4  ,2.5  ,1.8738
627  ,1.843e-01   ,2.4  ,2.5  ,1.6767
628  ,1.921e-01   ,2.4  ,2.5  ,1.4796
629  ,1.993e-01   ,2.4  ,2.5  ,1.2825
630  ,2.059e-01   ,2.4  ,2.5  ,1.0855
631  ,2.121e-01   ,2.4  ,2.5  ,0.88836
632  ,2.183e-01   ,2.4  ,2.5  ,0.69127
633  ,2.242e-01   ,2.4  ,2.5  ,0.49418
634  ,2.297e-01   ,2.4  ,2.5  ,0.29709
796  ,2.145e-01   ,-2.5  ,2.2  ,0.1
797  ,2.210e-01   ,-2.5  ,2  ,0.1
798  ,2.272e-01   ,-2.5  ,1.8  ,0.1
799  ,2.329e-01   ,-2.5  ,1.6  ,0.1
800  ,2.383e-01   ,-2.5  ,1.4  ,0.1
801  ,2.432e-01   ,-2.5  ,1.2  ,0.1
802  ,2.478e-01   ,-2.5  ,1  ,0.1
803  ,2.518e-01   ,-2.5  ,0.8  ,0.1
804  ,2.556e-01   ,-2.5  ,0.6  ,0.1
805  ,2.589e-01   ,-2.5  ,0.4  ,0.1
806  ,2.618e-01   ,-2.5  ,0.2  ,0.1
807  ,2.645e-01   ,-2.5  ,5.8879E-16  ,0.1
808  ,2.666e-01   ,-2.5  ,-0.2  ,0.1
809  ,2.686e-01   ,-2.5  ,-0.4  ,0.1
810  ,2.706e-01   ,-2.5  ,-0.6  ,0.1
811  ,2.723e-01   ,-2.5  ,-0.8  ,0.1
812  ,2.739e-01   ,-2.5  ,-1  ,0.1
813  ,2.751e-01   ,-2.5  ,-1.2  ,0.1
814  ,2.760e-01   ,-2.5  ,-1.4  ,0.1
815  ,2.769e-01   ,-2.5  ,-1.6  ,0.1
816  ,2.780e-01   ,-2.5  ,-1.8  ,0.1
817  ,2.793e-01   ,-2.5  ,-2  ,0.1
818  ,2.805e-01   ,-2.5  ,-2.2  ,0.1
819  ,2.063e-01   ,-2.5  ,-2.4  ,4.7
820  ,2.163e-01   ,-2.5  ,-2.4  ,4.5
821  ,2.322e-01   ,-2.5  ,-2.4  ,4.3
822  ,2.515e-01   ,-2.5  ,-2.4  ,4.1
823  ,2.714e-01   ,-2.5  ,-2.4  ,3.9
824  ,2.890e-01   ,-2.5  ,-2.4  ,3.7
825  ,3.030e-01   ,-2.5  ,-2.4  ,3.5
826  ,3.131e-01   ,-2.5  ,-2.4  ,3.3
827  ,3.197e-01   ,-2.5  ,-2.4  ,3.1
828  ,3.232e-01   ,-2.5  ,-2.4  ,2.9
829  ,3.237e-01   ,-2.5  ,-2.4  ,2.7
830  ,3.220e-01   ,-2.5  ,-2.4  ,2.5
831  ,3.189e-01   ,-2.5  ,-2.4  ,2.3
832  ,3.151e-01   ,-2.5  ,-2.4  ,2.1
833  ,3.112e-01   ,-2.5  ,-2.4  ,1.9
834  ,3.075e-01   ,-2.5  ,-2.4  ,1.7
835  ,3.039e-01   ,-2.5  ,-2.4  ,1.5
836  ,3.002e-01   ,-2.5  ,-2.4  ,1.3
837  ,2.963e-01   ,-2.5  ,-2.4  ,1.1
838  ,2.922e-01   ,-2.5  ,-2.4  ,0.9
839  ,2.882e-01   ,-2.5  ,-2.4  ,0.7
840  ,2.849e-01   ,-2.5  ,-2.4  ,0.5
841  ,2.825e-01   ,-2.5  ,-2.4  ,0.3
842  ,2.348e-01   ,-2.5  ,2.2  ,4.9
843  ,2.324e-01   ,-2.5  ,2  ,4.9
844  ,2.301e-01   ,-2.5  ,1.8  ,4.9
845  ,2.281e-01   ,-2.5  ,1.6  ,4.9
846  ,2.263e-01   ,-2.5  ,1.4  ,4.9
847  ,2.247e-01   ,-2.5  ,1.2  ,4.9
848  ,2.234e-01   ,-2.5  ,1  ,4.9
849  ,2.219e-01   ,-2.5  ,0.8  ,4.9
850  ,2.203e-01   ,-2.5  ,0.6  ,4.9
851  ,2.190e-01   ,-2.5  ,0.4  ,4.9
852  ,2.177e-01   ,-2.5  ,0.2  ,4.9
853  ,2.164e-01   ,-2.5  ,5.8879E-16  ,4.9
854  ,2.153e-01   ,-2.5  ,-0.2  ,4.9
855  ,2.141e-01   ,-2.5  ,-0.4  ,4.9
856  ,2.132e-01   ,-2.5  ,-0.6  ,4.9
857  ,2.123e-01   ,-2.5  ,-0.8  ,4.9
858  ,2.113e-01   ,-2.5  ,-1  ,4.9
859  ,2.102e-01   ,-2.5  ,-1.2  ,4.9
860  ,2.089e-01   ,-2.5  ,-1.4  ,4.9
861  ,2.076e-01   ,-2.5  ,-1.6  ,4.9
862  ,2.065e-01   ,-2.5  ,-1.8  ,4.9
863  ,2.052e-01   ,-2.5  ,-2  ,4.9
864  ,2.039e-01   ,-2.5  ,-2.2  ,4.9
865  ,2.343e-01   ,-2.5  ,2.4  ,4.7
866  ,2.316e-01   ,-2.5  ,2.4  ,4.5
867  ,2.290e-01   ,-2.5  ,2.4  ,4.3
868  ,2.267e-01   ,-2.5  ,2.4  ,4.1
869  ,2.252e-01   ,-2.5  ,2.4  ,3.9
870  ,2.240e-01   ,-2.5  ,2.4  ,3.7
871  ,2.230e-01   ,-2.5  ,2.4  ,3.5
872  ,2.219e-01   ,-2.5  ,2.4  ,3.3
873  ,2.209e-01   ,-2.5  ,2.4  ,3.1
874  ,2.203e-01   ,-2.5  ,2.4  ,2.9
875  ,2.199e-01   ,-2.5  ,2.4  ,2.7
876  ,2.193e-01   ,-2.5  ,2.4  ,2.5
877  ,2.188e-01   ,-2.5  ,2.4  ,2.3
878  ,2.183e-01   ,-2.5  ,2.4  ,2.1
879  ,2.178e-01   ,-2.5  ,2.4  ,1.9
880  ,2.174e-01   ,-2.5  ,2.4  ,1.7
881  ,2.172e-01   ,-2.5  ,2.4  ,1.5
882  ,2.169e-01   ,-2.5  ,2.4  ,1.3
883  ,2.164e-01   ,-2.5  ,2.4  ,1.1
884  ,2.155e-01   ,-2.5  ,2.4  ,0.9
885  ,2.144e-01   ,-2.5  ,2.4  ,0.7
886  ,2.129e-01   ,-2.5  ,2.4  ,0.5
887  ,2.108e-01   ,-2.5  ,2.4  ,0.3
1044  ,2.824e-01   ,-2.3  ,-2.5  ,0.44697
1045  ,2.853e-01   ,-2.3  ,-2.5  ,0.68705
1046  ,2.898e-01   ,-2.3  ,-2.5  ,0.92554
1047  ,2.951e-01   ,-2.3  ,-2.5  ,1.1682
1048  ,2.996e-01   ,-2.3  ,-2.5  ,1.4148
1049  ,3.034e-01   ,-2.3  ,-2.5  ,1.6581
1050  ,3.075e-01   ,-2.3  ,-2.5  ,1.8967
1051  ,3.122e-01   ,-2.3  ,-2.5  ,2.1357
1052  ,3.177e-01   ,-2.3  ,-2.5  ,2.3794
1053  ,3.225e-01   ,-2.3  ,-2.5  ,2.6206
1054  ,3.254e-01   ,-2.3  ,-2.5  ,2.8643
1055  ,3.243e-01   ,-2.3  ,-2.5  ,3.1033
1056  ,3.187e-01   ,-2.3  ,-2.5  ,3.342
1057  ,3.084e-01   ,-2.3  ,-2.5  ,3.5852
1058  ,2.923e-01   ,-2.3  ,-2.5  ,3.8318
1059  ,2.712e-01   ,-2.3  ,-2.5  ,4.0745
1060  ,2.491e-01   ,-2.3  ,-2.5  ,4.3129
1061  ,2.305e-01   ,-2.3  ,-2.5  ,4.553
1062  ,2.304e-01   ,-2.053  ,-2.5  ,4.8
1063  ,2.371e-01   ,-1.8129  ,-2.5  ,4.8
1064  ,2.382e-01   ,-1.5745  ,-2.5  ,4.8
1065  ,2.362e-01   ,-1.3318  ,-2.5  ,4.8
1066  ,2.335e-01   ,-1.0852  ,-2.5  ,4.8
1067  ,2.318e-01   ,-0.84195  ,-2.5  ,4.8
1068  ,2.322e-01   ,-0.60329  ,-2.5  ,4.8
1069  ,2.335e-01   ,-0.3643  ,-2.5  ,4.8
1070  ,2.332e-01   ,-0.12055  ,-2.5  ,4.8
1071  ,2.307e-01   ,0.12056  ,-2.5  ,4.8
1072  ,2.243e-01   ,0.3643  ,-2.5  ,4.8
1073  ,2.124e-01   ,0.6033  ,-2.5  ,4.8
1074  ,1.949e-01   ,0.84195  ,-2.5  ,4.8
1075  ,1.710e-01   ,1.0852  ,-2.5  ,4.8
1076  ,1.397e-01   ,1.3318  ,-2.5  ,4.8
1077  ,1.033e-01   ,1.5745  ,-2.5  ,4.8
1078  ,6.693e-02   ,1.8129  ,-2.5  ,4.8
1079  ,3.954e-02   ,2.053  ,-2.5  ,4.8
1080  ,3.927e-02   ,2.3  ,-2.5  ,4.553
1081  ,6.626e-02   ,2.3  ,-2.5  ,4.3129
1082  ,1.026e-01   ,2.3  ,-2.5  ,4.0745
1083  ,1.396e-01   ,2.3  ,-2.5  ,3.8318
1084  ,1.715e-01   ,2.3  ,-2.5  ,3.5852
1085  ,1.960e-01   ,2.3  ,-2.5  ,3.3419
1086  ,2.134e-01   ,2.3  ,-2.5  ,3.1033
1087  ,2.247e-01   ,2.3  ,-2.5  ,2.8643
1088  ,2.309e-01   ,2.3  ,-2.5  ,2.6206
1089  ,2.333e-01   ,2.3  ,-2.5  ,2.3794
1090  ,2.338e-01   ,2.3  ,-2.5  ,2.1357
1091  ,2.333e-01   ,2.3  ,-2.5  ,1.8967
1092  ,2.329e-01   ,2.3  ,-2.5  ,1.658
1093  ,2.347e-01   ,2.3  ,-2.5  ,1.4148
1094  ,2.382e-01   ,2.3  ,-2.5  ,1.1682
1095  ,2.402e-01   ,2.3  ,-2.5  ,0.92554
1096  ,2.383e-01   ,2.3  ,-2.5  ,0.68705
1097  ,2.309e-01   ,2.3  ,-2.5  ,0.44697
1098  ,2.821e-01   ,-2.053  ,-2.5  ,0.2
1099  ,2.845e-01   ,-1.8129  ,-2.5  ,0.2
1100  ,2.890e-01   ,-1.5745  ,-2.5  ,0.2
1101  ,2.941e-01   ,-1.3318  ,-2.5  ,0.2
1102  ,2.981e-01   ,-1.0852  ,-2.5  ,0.2
1103  ,3.012e-01   ,-0.84195  ,-2.5  ,0.2
1104  ,3.054e-01   ,-0.60329  ,-2.5  ,0.2
1105  ,3.109e-01   ,-0.3643  ,-2.5  ,0.2
1106  ,3.176e-01   ,-0.12055  ,-2.5  ,0.2
1107  ,3.236e-01   ,0.12056  ,-2.5  ,0.2
1108  ,3.264e-01   ,0.3643  ,-2.5  ,0.2
1109  ,3.248e-01   ,0.6033  ,-2.5  ,0.2
1110  ,3.190e-01   ,0.84195  ,-2.5  ,0.2
1111  ,3.084e-01   ,1.0852  ,-2.5  ,0.2
1112  ,2.922e-01   ,1.3318  ,-2.5  ,0.2
1113  ,2.713e-01   ,1.5745  ,-2.5  ,0.2
1114  ,2.495e-01   ,1.8129  ,-2.5  ,0.2
1115  ,2.310e-01   ,2.053  ,-2.5  ,0.2
1116  ,2.227e-01   ,-2.2  ,-2.5  ,4.9
1117  ,2.323e-01   ,-2  ,-2.5  ,4.9
1118  ,2.369e-01   ,-1.8  ,-2.5  ,4.9
1119  ,2.375e-01   ,-1.6  ,-2.5  ,4.9
1120  ,2.357e-01   ,-1.4  ,-2.5  ,4.9
1121  ,2.332e-01   ,-1.2  ,-2.5  ,4.9
1122  ,2.310e-01   ,-1  ,-2.5  ,4.9
1123  ,2.303e-01   ,-0.8  ,-2.5  ,4.9
1124  ,2.312e-01   ,-0.6  ,-2.5  ,4.9
1125  ,2.327e-01   ,-0.4  ,-2.5  ,4.9
1126  ,2.332e-01   ,-0.2  ,-2.5  ,4.9
1127  ,2.321e-01   ,-1.7664E-15  ,-2.5  ,4.9
1128  ,2.292e-01   ,0.2  ,-2.5  ,4.9
1129  ,2.230e-01   ,0.4  ,-2.5  ,4.9
1130  ,2.124e-01   ,0.6  ,-2.5  ,4.9
1131  ,1.980e-01   ,0.8  ,-2.5  ,4.9
1132  ,1.797e-01   ,1  ,-2.5  ,4.9
1133  ,1.566e-01   ,1.2  ,-2.5  ,4.9
1134  ,1.286e-01   ,1.4  ,-2.5  ,4.9
1135  ,9.709e-02   ,1.6  ,-2.5  ,4.9
1136  ,6.528e-02   ,1.8  ,-2.5  ,4.9
1137  ,3.919e-02   ,2  ,-2.5  ,4.9
1138  ,2.651e-02   ,2.2  ,-2.5  ,4.9
1139  ,2.129e-01   ,-2.4  ,-2.5  ,4.7
1140  ,2.239e-01   ,-2.4  ,-2.5  ,4.5
1141  ,2.403e-01   ,-2.4  ,-2.5  ,4.3
1142  ,2.597e-01   ,-2.4  ,-2.5  ,4.1
1143  ,2.791e-01   ,-2.4  ,-2.5  ,3.9
1144  ,2.957e-01   ,-2.4  ,-2.5  ,3.7
1145  ,3.082e-01   ,-2.4  ,-2.5  ,3.5
1146  ,3.170e-01   ,-2.4  ,-2.5  ,3.3
1147  ,3.225e-01   ,-2.4  ,-2.5  ,3.1
1148  ,3.248e-01   ,-2.4  ,-2.5  ,2.9
1149  ,3.241e-01   ,-2.4  ,-2.5  ,2.7
1150  ,3.213e-01   ,-2.4  ,-2.5  ,2.5
1151  ,3.174e-01   ,-2.4  ,-2.5  ,2.3
1152  ,3.132e-01   ,-2.4  ,-2.5  ,2.1
1153  ,3.093e-01   ,-2.4  ,-2.5  ,1.9
1154  ,3.058e-01   ,-2.4  ,-2.5  ,1.7
1155  ,3.024e-01   ,-2.4  ,-2.5  ,1.5
1156  ,2.991e-01   ,-2.4  ,-2.5  ,1.3
1157  ,2.952e-01   ,-2.4  ,-2.5  ,1.1
1158  ,2.909e-01   ,-2.4  ,-2.5  ,0.9
1159  ,2.870e-01   ,-2.4  ,-2.5  ,0.7
1160  ,2.839e-01   ,-2.4  ,-2.5  ,0.5
1161  ,2.822e-01   ,-2.4  ,-2.5  ,0.3
1162  ,2.820e-01   ,-2.2  ,-2.5  ,0.1
1163  ,2.835e-01   ,-2  ,-2.5  ,0.1
1164  ,2.864e-01   ,-1.8  ,-2.5  ,0.1
1165  ,2.903e-01   ,-1.6  ,-2.5  ,0.1
1166  ,2.944e-01   ,-1.4  ,-2.5  ,0.1
1167  ,2.980e-01   ,-1.2  ,-2.5  ,0.1
1168  ,3.009e-01   ,-1  ,-2.5  ,0.1
1169  ,3.040e-01   ,-0.8  ,-2.5  ,0.1
1170  ,3.077e-01   ,-0.6  ,-2.5  ,0.1
1171  ,3.122e-01   ,-0.4  ,-2.5  ,0.1
1172  ,3.172e-01   ,-0.2  ,-2.5  ,0.1
1173  ,3.219e-01   ,-1.7664E-15  ,-2.5  ,0.1
1174  ,3.249e-01   ,0.2  ,-2.5  ,0.1
1175  ,3.254e-01   ,0.4  ,-2.5  ,0.1
1176  ,3.229e-01   ,0.6  ,-2.5  ,0.1
1177  ,3.172e-01   ,0.8  ,-2.5  ,0.1
1178  ,3.083e-01   ,1  ,-2.5  ,0.1
1179  ,2.956e-01   ,1.2  ,-2.5  ,0.1
1180  ,2.790e-01   ,1.4  ,-2.5  ,0.1
1181  ,2.597e-01   ,1.6  ,-2.5  ,0.1
1182  ,2.404e-01   ,1.8  ,-2.5  ,0.1
1183  ,2.241e-01   ,2  ,-2.5  ,0.1
1184  ,2.129e-01   ,2.2  ,-2.5  ,0.1
1185  ,2.656e-02   ,2.4  ,-2.5  ,4.7
1186  ,3.903e-02   ,2.4  ,-2.5  ,4.5
1187  ,6.470e-02   ,2.4  ,-2.5  ,4.3
1188  ,9.643e-02   ,2.4  ,-2.5  ,4.1
1189  ,1.284e-01   ,2.4  ,-2.5  ,3.9
1190  ,1.569e-01   ,2.4  ,-2.5  ,3.7
1191  ,1.806e-01   ,2.4  ,-2.5  ,3.5
1192  ,1.994e-01   ,2.4  ,-2.5  ,3.3
1193  ,2.136e-01   ,2.4  ,-2.5  ,3.1
1194  ,2.234e-01   ,2.4  ,-2.5  ,2.9
1195  ,2.293e-01   ,2.4  ,-2.5  ,2.7
1196  ,2.322e-01   ,2.4  ,-2.5  ,2.5
1197  ,2.332e-01   ,2.4  ,-2.5  ,2.3
1198  ,2.333e-01   ,2.4  ,-2.5  ,2.1
1199  ,2.325e-01   ,2.4  ,-2.5  ,1.9
1200  ,2.318e-01   ,2.4  ,-2.5  ,1.7
1201  ,2.326e-01   ,2.4  ,-2.5  ,1.5
1202  ,2.353e-01   ,2.4  ,-2.5  ,1.3
1203  ,2.385e-01   ,2.4  ,-2.5  ,1.1
1204  ,2.400e-01   ,2.4  ,-2.5  ,0.9
1205  ,2.386e-01   ,2.4  ,-2.5  ,0.7
1206  ,2.332e-01   ,2.4  ,-2.5  ,0.5
1207  ,2.231e-01   ,2.4  ,-2.5  ,0.3
1208  ,2.036e-01   ,2.4  ,-2.2  ,0
1209  ,2.049e-01   ,2.4  ,-2  ,0
1210  ,2.060e-01   ,2.4  ,-1.8  ,0
1211  ,2.072e-01   ,2.4  ,-1.6  ,0
1212  ,2.084e-01   ,2.4  ,-1.4  ,0
1213  ,2.097e-01   ,2.4  ,-1.2  ,0
1214  ,2.109e-01   ,2.4  ,-1  ,0
1215  ,2.120e-01   ,2.4  ,-0.8  ,0
1216  ,2.129e-01   ,2.4  ,-0.6  ,0
1217  ,2.138e-01   ,2.4  ,-0.4  ,0
1218  ,2.150e-01   ,2.4  ,-0.2  ,0
1219  ,2.163e-01   ,2.4  ,-1.7664E-15  ,0
1220  ,2.175e-01   ,2.4  ,0.2  ,0
1221  ,2.187e-01   ,2.4  ,0.4  ,0
1222  ,2.198e-01   ,2.4  ,0.6  ,0
1223  ,2.211e-01   ,2.4  ,0.8  ,0
1224  ,2.222e-01   ,2.4  ,1  ,0
1225  ,2.235e-01   ,2.4  ,1.2  ,0
1226  ,2.250e-01   ,2.4  ,1.4  ,0
1227  ,2.268e-01   ,2.4  ,1.6  ,0
1228  ,2.289e-01   ,2.4  ,1.8  ,0
1229  ,2.314e-01   ,2.4  ,2  ,0
1230  ,2.340e-01   ,2.4  ,2.2  ,0
1231  ,2.823e-01   ,-2.2  ,-2.4  ,0
1232  ,2.847e-01   ,-2  ,-2.4  ,0
1233  ,2.880e-01   ,-1.8  ,-2.4  ,0
1234  ,2.920e-01   ,-1.6  ,-2.4  ,0
1235  ,2.959e-01   ,-1.4  ,-2.4  ,0
1236  ,2.995e-01   ,-1.2  ,-2.4  ,0
1237  ,3.029e-01   ,-1  ,-2.4  ,0
1238  ,3.066e-01   ,-0.8  ,-2.4  ,0
1239  ,3.106e-01   ,-0.6  ,-2.4  ,0
1240  ,3.148e-01   ,-0.4  ,-2.4  ,0
1241  ,3.188e-01   ,-0.2  ,-2.4  ,0
1242  ,3.221e-01   ,5.8879E-16  ,-2.4  ,0
1243  ,3.238e-01   ,0.2  ,-2.4  ,0
1244  ,3.232e-01   ,0.4  ,-2.4  ,0
1245  ,3.198e-01   ,0.6  ,-2.4  ,0
1246  ,3.131e-01   ,0.8  ,-2.4  ,0
1247  ,3.029e-01   ,1  ,-2.4  ,0
1248  ,2.887e-01   ,1.2  ,-2.4  ,0
1249  ,2.711e-01   ,1.4  ,-2.4  ,0
1250  ,2.512e-01   ,1.6  ,-2.4  ,0
1251  ,2.319e-01   ,1.8  ,-2.4  ,0
1252  ,2.159e-01   ,2  ,-2.4  ,0
1253  ,2.059e-01   ,2.2  ,-2.4  ,0
1254  ,2.145e-01   ,-2.4  ,2.2  ,0
1255  ,2.210e-01   ,-2.4  ,2  ,0
1256  ,2.273e-01   ,-2.4  ,1.8  ,0
1257  ,2.331e-01   ,-2.4  ,1.6  ,0
1258  ,2.385e-01   ,-2.4  ,1.4  ,0
1259  ,2.436e-01   ,-2.4  ,1.2  ,0
1260  ,2.481e-01   ,-2.4  ,1  ,0
1261  ,2.522e-01   ,-2.4  ,0.8  ,0
1262  ,2.559e-01   ,-2.4  ,0.6  ,0
1263  ,2.591e-01   ,-2.4  ,0.4  ,0
1264  ,2.620e-01   ,-2.4  ,0.2  ,0
1265  ,2.645e-01   ,-2.4  ,5.8879E-16  ,0
1266  ,2.666e-01   ,-2.4  ,-0.2  ,0
1267  ,2.683e-01   ,-2.4  ,-0.4  ,0
1268  ,2.702e-01   ,-2.4  ,-0.6  ,0
1269  ,2.720e-01   ,-2.4  ,-0.8  ,0
1270  ,2.737e-01   ,-2.4  ,-1  ,0
1271  ,2.750e-01   ,-2.4  ,-1.2  ,0
1272  ,2.760e-01   ,-2.4  ,-1.4  ,0
1273  ,2.770e-01   ,-2.4  ,-1.6  ,0
1274  ,2.782e-01   ,-2.4  ,-1.8  ,0
1275  ,2.794e-01   ,-2.4  ,-2  ,0
1276  ,2.805e-01   ,-2.4  ,-2.2  ,0
1277  ,2.341e-01   ,2.2  ,2.4  ,0
1278  ,2.314e-01   ,2  ,2.4  ,0
1279  ,2.289e-01   ,1.8  ,2.4  ,0
1280  ,2.267e-01   ,1.6  ,2.4  ,0
1281  ,2.252e-01   ,1.4  ,2.4  ,0
1282  ,2.241e-01   ,1.2  ,2.4  ,0
1283  ,2.231e-01   ,1  ,2.4  ,0
1284  ,2.222e-01   ,0.8  ,2.4  ,0
1285  ,2.210e-01   ,0.6  ,2.4  ,0
1286  ,2.205e-01   ,0.4  ,2.4  ,0
1287  ,2.203e-01   ,0.2  ,2.4  ,0
1288  ,2.201e-01   ,5.8879E-16  ,2.4  ,0
1289  ,2.198e-01   ,-0.2  ,2.4  ,0
1290  ,2.191e-01   ,-0.4  ,2.4  ,0
1291  ,2.182e-01   ,-0.6  ,2.4  ,0
1292  ,2.177e-01   ,-0.8  ,2.4  ,0
1293  ,2.174e-01   ,-1  ,2.4  ,0
1294  ,2.170e-01   ,-1.2  ,2.4  ,0
1295  ,2.162e-01   ,-1.4  ,2.4  ,0
1296  ,2.152e-01   ,-1.6  ,2.4  ,0
1297  ,2.141e-01   ,-1.8  ,2.4  ,0
1298  ,2.127e-01   ,-2  ,2.4  ,0
1299  ,2.107e-01   ,-2.2  ,2.4  ,0
1460  ,5.139e-02   ,2.3243  ,2.3243  ,4.9577
1461  ,5.140e-02   ,2.4577  ,2.3243  ,4.8243
1462  ,5.901e-02   ,2.3243  ,2.4577  ,4.8243
1463  ,2.208e-01   ,-2.3  ,-2.1759  ,4.8
1464  ,2.241e-01   ,-2.3  ,-1.7631  ,4.8
1465  ,2.274e-01   ,-2.3  ,-1.1827  ,4.8
1466  ,2.298e-01   ,-2.3  ,-0.34986  ,4.8
1467  ,2.289e-01   ,-2.3  ,0.80545  ,4.8
1468  ,1.746e-01   ,-0.81337  ,2.3  ,4.8
1469  ,1.265e-01   ,0.67326  ,2.3  ,4.8
1470  ,2.675e-02   ,2.3  ,-2.1824  ,4.8
1471  ,3.162e-02   ,2.3  ,-1.7784  ,4.8
1472  ,4.138e-02   ,2.3  ,-1.2138  ,4.8
1473  ,5.640e-02   ,2.3  ,-0.40752  ,4.8
1474  ,6.925e-02   ,2.3  ,0.70532  ,4.8
1516  ,1.749e-01   ,2.3  ,2.3  ,1.6866
1517  ,1.256e-01   ,2.3  ,2.3  ,3.1733
1518  ,2.205e-01   ,2.3  ,-2.1759  ,0.2
1519  ,2.231e-01   ,2.3  ,-1.7631  ,0.2
1520  ,2.267e-01   ,2.3  ,-1.1827  ,0.2
1521  ,2.294e-01   ,2.3  ,-0.34986  ,0.2
1522  ,2.287e-01   ,2.3  ,0.80545  ,0.2
1564  ,2.353e-01   ,-0.76667  ,2.3  ,0.2
1565  ,2.314e-01   ,0.76667  ,2.3  ,0.2
1566  ,2.355e-01   ,-2.3  ,2.3  ,1.7333
1567  ,2.306e-01   ,-2.3  ,2.3  ,3.2667
1574  ,2.806e-01   ,-2.3  ,-2.1759  ,0.2
1575  ,2.781e-01   ,-2.3  ,-1.7631  ,0.2
1576  ,2.752e-01   ,-2.3  ,-1.1827  ,0.2
1577  ,2.679e-01   ,-2.3  ,-0.34986  ,0.2
1578  ,2.535e-01   ,-2.3  ,0.80545  ,0.2
1777  ,1.732e-01   ,-0.52764  ,2.5  ,4.9
1801  ,2.376e-01   ,-2.3  ,1.5527  ,0.2
1825  ,2.279e-01   ,-1.5333  ,2.3  ,0.2
1841  ,1.545e-01   ,0.063638  ,2.5  ,4.9
1876  ,2.186e-01   ,-0.5  ,2.4  ,0
1894  ,2.257e-01   ,2.3  ,1.5527  ,0.2
1907  ,2.313e-01   ,2.1  ,2.5  ,0.1
1928  ,2.301e-01   ,1.9  ,2.4  ,0
1974  ,2.228e-01   ,2.4  ,1.1  ,0
1981  ,2.213e-01   ,2.4  ,2.5  ,0.59273
1987  ,2.259e-01   ,-2.5  ,2.4  ,4
2004  ,2.316e-01   ,-2.4  ,2.5  ,4.6
2009  ,2.242e-01   ,2.4  ,1.3  ,0
2020  ,2.235e-01   ,2.5  ,1.1  ,0.1
2035  ,2.723e-01   ,-2.3  ,-0.76628  ,0.2
2070  ,9.198e-02   ,1.6404  ,2.4  ,5
2081  ,1.736e-01   ,2.4  ,2.5  ,1.9724
2095  ,2.152e-01   ,2.4  ,2.5  ,0.78982
2138  ,2.655e-01   ,-2.4  ,-0.1  ,0
2146  ,1.876e-01   ,-0.92182  ,2.4  ,5
2174  ,2.026e-01   ,2.4  ,2.5  ,1.184
2190  ,2.087e-01   ,2.5  ,2.4  ,0.98691
2203  ,6.204e-02   ,2.5  ,-0.13345  ,4.9
2232  ,6.436e-02   ,2.3  ,0.1489  ,4.8
2242  ,1.411e-01   ,2.4  ,2.5  ,2.9578
2293  ,2.573e-01   ,-2.5  ,0.5  ,0.1
2311  ,1.510e-01   ,2.3  ,2.3  ,2.4299
2313  ,2.151e-01   ,2.5  ,2.4  ,0.78982
2329  ,1.670e-01   ,2.4  ,2.5  ,2.1695
2355  ,2.292e-01   ,-2.4  ,2.5  ,4.4
2380  ,2.764e-01   ,-2.5  ,-1.5  ,0.1
2383  ,1.416e-01   ,0.45782  ,2.5  ,4.9
2408  ,3.611e-02   ,2.3  ,-1.4961  ,4.8
2445  ,3.443e-02   ,2.5  ,-1.5131  ,4.9
2484  ,3.057e-01   ,-2.5  ,-2.4  ,1.6
2495  ,2.283e-01   ,-2.4  ,1.7  ,5
2508  ,2.181e-01   ,2.4  ,0.3  ,0
2514  ,2.308e-01   ,2.3  ,0.2278  ,0.2
2570  ,2.267e-01   ,-2.4  ,1.5  ,5
2580  ,9.351e-02   ,1.6404  ,2.5  ,4.9
2603  ,1.953e-01   ,-1.1189  ,2.5  ,4.9
2695  ,2.047e-01   ,2.3  ,2.3  ,0.94331
2705  ,1.958e-01   ,2.4  ,2.5  ,1.3811
2714  ,6.872e-02   ,2.5  ,0.45782  ,4.9
2734  ,2.114e-01   ,2.4  ,-0.9  ,0
2775  ,2.186e-01   ,2.5  ,-0.1  ,0.1
2779  ,2.156e-01   ,2.4  ,-0.1  ,0
2801  ,9.160e-02   ,1.4166  ,2.3  ,4.8
2814  ,1.036e-01   ,1.4433  ,2.5  ,4.9
2863  ,2.128e-01   ,-2.4  ,2.5  ,0.6
2884  ,2.144e-01   ,-2.4  ,2.5  ,0.8
2886  ,2.165e-01   ,-2.4  ,2.5  ,1.2
2967  ,2.278e-01   ,2.4  ,1.7  ,0
2973  ,2.254e-01   ,2.5  ,1.5  ,0.1
2987  ,2.205e-01   ,-0.3  ,2.5  ,0.1
3008  ,2.281e-01   ,-2.3  ,2.3  ,0.96667
3012  ,2.196e-01   ,-2.5  ,2.4  ,2.6
3021  ,2.201e-01   ,-2.5  ,2.4  ,2.8
3025  ,2.191e-01   ,-2.5  ,2.4  ,2.4
3030  ,2.204e-01   ,-2.4  ,2.5  ,2.4
3033  ,2.197e-01   ,-2.4  ,2.5  ,2.2
3047  ,1.605e-01   ,2.4  ,2.5  ,2.3665
3052  ,1.516e-01   ,2.5  ,2.4  ,2.5636
3061  ,1.541e-01   ,2.4  ,2.5  ,2.5636
3081  ,2.255e-01   ,-2.4  ,1.3  ,5
3088  ,2.223e-01   ,-1.9073  ,2.4  ,5
3099  ,2.302e-01   ,-2.4  ,1.9  ,5
3107  ,2.247e-01   ,-2.4  ,2.5  ,3.8
3139  ,2.098e-01   ,-1.5131  ,2.4  ,5
3145  ,2.097e-01   ,-1.5131  ,2.5  ,4.9
3148  ,2.163e-01   ,-1.7102  ,2.5  ,4.9
3168  ,2.358e-01   ,-2.4  ,1.5  ,0
3188  ,2.942e-01   ,-2.5  ,-2.4  ,1
3202  ,1.482e-01   ,0.26073  ,2.5  ,4.9
3212  ,6.521e-02   ,2.5  ,1.6404  ,4.9
3247  ,6.004e-02   ,2.5  ,1.8375  ,4.9
3265  ,6.740e-02   ,2.3  ,1.4326  ,4.8
3271  ,5.172e-02   ,2.2299  ,2.2299  ,4.8
3284  ,6.957e-02   ,2.4  ,1.4433  ,5
3291  ,6.897e-02   ,2.5  ,1.4433  ,4.9
3296  ,2.291e-01   ,-2.3  ,-0.76628  ,4.8
3303  ,2.161e-01   ,-2.4  ,-0.9  ,5
3311  ,2.169e-01   ,-2.4  ,-0.7  ,5
3315  ,2.290e-01   ,1.9  ,2.5  ,0.1
3336  ,2.607e-01   ,-2.4  ,0.3  ,0
3340  ,2.632e-01   ,-2.5  ,0.1  ,0.1
3344  ,2.633e-01   ,-2.4  ,0.1  ,0
3356  ,2.195e-01   ,-0.3  ,2.4  ,0
3361  ,1.667e-01   ,-0.33054  ,2.5  ,4.9
3364  ,1.606e-01   ,-0.13345  ,2.5  ,4.9
3383  ,1.206e-01   ,2.4  ,2.5  ,3.5491
3402  ,6.974e-02   ,2.4  ,2.5  ,4.5345
3421  ,2.027e-01   ,-1.316  ,2.5  ,4.9
3439  ,1.010e-01   ,2.5  ,2.4  ,3.9433
3447  ,1.032e-01   ,2.4  ,2.5  ,3.9433
3451  ,1.125e-01   ,2.4  ,2.5  ,3.7462
3468  ,1.020e-01   ,1.4433  ,2.4  ,5
3480  ,1.193e-01   ,1.0491  ,2.4  ,5
3519  ,2.259e-01   ,1.5  ,2.4  ,0
3527  ,2.249e-01   ,2.3  ,-1.4729  ,0.2
3550  ,2.147e-01   ,-1.7  ,2.4  ,0
3554  ,2.141e-01   ,-1.7  ,2.5  ,0.1
3558  ,2.157e-01   ,-1.5  ,2.4  ,0
3562  ,2.153e-01   ,-1.5  ,2.5  ,0.1
3574  ,2.322e-01   ,-2.4  ,2.1  ,5
3581  ,2.301e-01   ,-2.5  ,1.7  ,0.1
3583  ,2.241e-01   ,-2.5  ,1.9  ,0.1
3584  ,2.224e-01   ,-1.9073  ,2.5  ,4.9
3591  ,2.205e-01   ,2.5  ,0.3  ,0.1
3595  ,2.196e-01   ,2.5  ,0.1  ,0.1
3603  ,5.536e-02   ,2.4577  ,2.391  ,4.7576
3663  ,2.830e-01   ,-1.933  ,-2.5  ,0.2
3669  ,2.817e-01   ,-2.1765  ,-2.5  ,0.2
3672  ,2.813e-01   ,-2.3  ,-2.3379  ,0.2
3682  ,2.862e-01   ,-1.9  ,-2.4  ,0
3700  ,2.284e-01   ,2.3  ,-2.5  ,2.7424
3712  ,2.282e-01   ,-2.1  ,-2.5  ,4.9
3715  ,2.351e-01   ,-1.9  ,-2.5  ,4.9
3740  ,2.353e-01   ,-1.3  ,-2.4  ,5
3746  ,2.348e-01   ,-1.2085  ,-2.5  ,4.8
3755  ,2.373e-01   ,-1.5  ,-2.4  ,5
3760  ,2.376e-01   ,-1.7  ,-2.5  ,4.9
3786  ,1.881e-01   ,2.4  ,2.5  ,1.5782
3813  ,1.467e-01   ,0.26073  ,2.4  ,5
3858  ,2.318e-01   ,-0.9  ,-2.4  ,5
3863  ,2.227e-01   ,-2.5  ,0.9  ,4.9
3875  ,2.351e-01   ,-1.9  ,-2.4  ,5
3885  ,5.176e-02   ,2.4  ,-0.72473  ,5
3910  ,3.130e-01   ,-2.4  ,-2.5  ,3.4
3959  ,9.137e-02   ,2.5  ,2.4  ,4.1404
3969  ,7.253e-02   ,2.5  ,1.0491  ,4.9
3992  ,4.782e-02   ,2.391  ,2.2576  ,4.9577
3993  ,4.783e-02   ,2.4577  ,2.2576  ,4.891
4016  ,2.328e-01   ,-2.3015  ,2.5  ,4.9
4018  ,2.340e-01   ,-2.4  ,2.5  ,4.8
4021  ,1.113e-01   ,1.2462  ,2.4  ,5
4042  ,2.103e-01   ,2.4  ,-1.1  ,0
4046  ,2.175e-01   ,-0.9  ,2.4  ,0
4055  ,8.094e-02   ,1.7  ,-2.5  ,4.9
4087  ,2.278e-01   ,1.7  ,2.4  ,0
4114  ,5.894e-02   ,2.5  ,-0.33054  ,4.9
4120  ,2.320e-01   ,2.4  ,-2.5  ,1.8
4125  ,2.089e-01   ,2.4  ,2.5  ,0.98691
4144  ,8.232e-02   ,2.4  ,2.5  ,4.3375
4161  ,2.207e-01   ,-2.4  ,0.3  ,5
4201  ,2.396e-01   ,1.933  ,-2.5  ,0.2
4225  ,2.817e-01   ,-2.3  ,-2.4  ,0
4230  ,2.836e-01   ,-2.3  ,-2.5  ,0.56701
4269  ,2.305e-01   ,-0.9  ,-2.5  ,4.9
4277  ,2.332e-01   ,-1.1  ,-2.4  ,5
4288  ,1.522e-01   ,-0.070055  ,2.3  ,4.8
4328  ,2.416e-01   ,-2.5  ,-2.4  ,4.2
4336  ,2.236e-01   ,-2.5  ,-2.4  ,4.4
4342  ,2.105e-01   ,-2.5  ,-2.4  ,4.6
4348  ,2.090e-01   ,-2.4  ,-2.4707  ,4.9707
4352  ,2.162e-01   ,-2.3  ,-2.5  ,4.9
4354  ,2.244e-01   ,-2.1765  ,-2.5  ,4.8
4355  ,2.192e-01   ,-2.3  ,-2.3379  ,4.8
4362  ,2.211e-01   ,2.5  ,2.4  ,0.59273
4364  ,2.330e-01   ,2.5  ,-2.4  ,2.4
4366  ,2.337e-01   ,2.5  ,-2.4  ,2.2
4372  ,2.333e-01   ,2.4  ,-2.5  ,2.2
4385  ,2.786e-01   ,-2.5  ,-1.9  ,0.1
4399  ,2.178e-01   ,-2.5  ,2.1  ,0.1
4407  ,3.086e-01   ,-0.7  ,-2.4  ,0
4436  ,2.656e-01   ,-2.5  ,-0.1  ,0.1
4462  ,2.260e-01   ,-2.3  ,2.3  ,4.0333
4491  ,5.549e-02   ,2.5  ,-0.52764  ,4.9
4494  ,2.346e-01   ,2.5  ,-2.4  ,1.4
4503  ,2.338e-01   ,2.4  ,-2.5  ,1.4
4508  ,2.370e-01   ,2.4  ,-2.5  ,1.2
4515  ,2.328e-01   ,2.5  ,-2.4  ,1.8
4517  ,2.320e-01   ,2.4  ,-2.5  ,1.6
4522  ,3.169e-01   ,0.7  ,-2.4  ,0
4538  ,1.952e-01   ,-1.1189  ,2.4  ,5
4546  ,9.314e-02   ,2.4  ,2.5  ,4.1404
4559  ,2.413e-01   ,1.7  ,-2.4  ,0
4590  ,3.218e-01   ,0.5  ,-2.4  ,0
4631  ,2.310e-01   ,2.4  ,-2.5  ,2.6
4634  ,2.264e-01   ,2.5  ,-2.4  ,2.8
4657  ,3.132e-01   ,-2.5  ,-2.4  ,2
4660  ,3.094e-01   ,-2.5  ,-2.4  ,1.8
4664  ,3.168e-01   ,-0.3  ,-2.4  ,0
4675  ,2.101e-01   ,-2.4  ,-2.5  ,4.8
4681  ,2.676e-01   ,-2.5  ,-0.3  ,0.1
4684  ,8.220e-02   ,1.7  ,-2.4  ,5
4703  ,2.226e-01   ,-2.4  ,0.7  ,5
4707  ,2.183e-01   ,-2.5  ,0.3  ,4.9
4714  ,5.923e-02   ,2.4  ,-0.33054  ,5
4723  ,2.059e-01   ,-1.5567  ,2.3  ,4.8
4739  ,2.278e-01   ,-2.1044  ,2.5  ,4.9
4763  ,2.134e-01   ,-1.9  ,2.4  ,0
4780  ,2.795e-01   ,-2.3  ,-1.9695  ,0.2
4782  ,2.813e-01   ,-2.4707  ,-2.4  ,0.029289
4784  ,2.788e-01   ,-2.4  ,-1.9  ,0
4791  ,3.075e-01   ,-2.4  ,-2.5  ,1.8
4796  ,1.842e-02   ,2.4707  ,-2.4707  ,4.9
4799  ,2.102e-02   ,2.5  ,-2.4  ,4.8
4806  ,2.410e-02   ,2.3  ,-2.5  ,4.9
4809  ,9.084e-02   ,2.3  ,2.3  ,3.9166
4833  ,2.108e-01   ,-2.4  ,2.5  ,0.4
4841  ,2.210e-01   ,-2.4  ,2.5  ,2.6
4846  ,2.336e-01   ,-2.5  ,2.1  ,4.9
4848  ,2.358e-01   ,-2.5  ,2.3  ,4.9
4849  ,2.356e-01   ,-2.5  ,2.4  ,4.8
4893  ,2.272e-01   ,-2.4  ,2.5  ,4.2
4897  ,5.175e-02   ,2.3333  ,2.1998  ,5
4900  ,5.934e-02   ,2.391  ,2.4577  ,4.7576
4908  ,5.520e-02   ,2.2576  ,2.391  ,4.9577
4911  ,5.934e-02   ,2.2576  ,2.4577  ,4.891
4926  ,2.159e-01   ,-2.5  ,2.4  ,1
4932  ,2.177e-01   ,-2.4  ,2.5  ,1.6
4937  ,2.172e-01   ,-1.1  ,2.5  ,0.1
4939  ,5.185e-02   ,2.3  ,2.2299  ,4.7299
4944  ,2.634e-02   ,2.5  ,-1.9073  ,4.9
4987  ,2.267e-01   ,-2.3  ,1.5527  ,4.8
5010  ,4.983e-02   ,2.4973  ,2.1331  ,4.923
5013  ,5.451e-02   ,2.5  ,2.0345  ,4.9
5017  ,5.477e-02   ,2.4  ,2.0345  ,5
5035  ,2.803e-01   ,1.3  ,-2.4  ,0
5038  ,3.010e-01   ,1.2085  ,-2.5  ,0.2
5092  ,2.972e-01   ,-2.4  ,-2.5  ,1.2
5123  ,2.363e-01   ,2.5  ,-2.4  ,0.6
5151  ,2.696e-01   ,-2.5  ,-0.5  ,0.1
5160  ,2.715e-01   ,-2.5  ,-0.7  ,0.1
5164  ,2.237e-01   ,-2.4  ,0.9  ,5
5168  ,2.216e-01   ,-2.4  ,0.5  ,5
5176  ,2.164e-01   ,2.5  ,-0.7  ,0.1
5179  ,2.133e-01   ,2.4  ,-0.5  ,0
5189  ,2.329e-01   ,2.4  ,-2.5  ,2.4
5194  ,2.337e-01   ,2.3  ,-2.5  ,2.2576
5198  ,2.818e-01   ,-2.3  ,-2.5  ,0.32348
5205  ,2.818e-01   ,-2.4  ,-2.5  ,0.2
5207  ,2.826e-01   ,-2.1  ,-2.5  ,0.1
5246  ,2.213e-01   ,-2.5  ,2.4  ,3.2
5257  ,2.272e-01   ,-2.5  ,1.5  ,4.9
5263  ,2.624e-01   ,-2.3  ,0.2278  ,0.2
5272  ,2.604e-01   ,-2.5  ,0.3  ,0.1
5275  ,2.196e-01   ,-2.5  ,0.5  ,4.9
5281  ,8.250e-02   ,1.8375  ,2.5  ,4.9
5297  ,2.178e-01   ,-0.9  ,2.5  ,0.1
5306  ,2.179e-01   ,-0.7  ,2.4  ,0
5309  ,2.195e-01   ,-0.5  ,2.5  ,0.1
5324  ,1.477e-01   ,2.4  ,2.5  ,2.7607
5332  ,2.397e-01   ,2.5  ,-2.4  ,0.8
5334  ,2.396e-01   ,2.4  ,-2.5  ,1
5360  ,3.071e-02   ,2.4  ,-1.7102  ,5
5362  ,3.458e-02   ,2.4  ,-1.5131  ,5
5368  ,6.033e-02   ,2.4  ,1.8375  ,5
5371  ,6.056e-02   ,2.4325  ,2.4888  ,4.6656
5372  ,6.157e-02   ,2.3333  ,2.5  ,4.6998
5376  ,6.287e-02   ,2.4707  ,2.4707  ,4.6331
5377  ,6.888e-02   ,2.5  ,2.4  ,4.5345
5379  ,2.367e-01   ,-1.5  ,-2.5  ,4.9
5406  ,3.085e-01   ,-2.5  ,-2.4  ,3.4
5420  ,3.220e-01   ,-2.3  ,-2.5  ,3.2226
5423  ,2.613e-01   ,1.5  ,-2.4  ,0
5502  ,2.810e-01   ,-2.5  ,-2.3  ,0.1
5504  ,2.818e-01   ,-2.5  ,-2.4  ,0.2
5506  ,2.810e-01   ,-2.4  ,-2.3  ,0
5511  ,2.799e-01   ,-2.5  ,-2.1  ,0.1
5513  ,2.575e-01   ,-2.4  ,0.5  ,0
5517  ,3.024e-01   ,-0.9  ,-2.5  ,0.1
5532  ,2.366e-01   ,-2.4707  ,2.4707  ,4.9
5534  ,2.125e-01   ,2.4  ,-0.7  ,0
5551  ,1.427e-01   ,2.5  ,-2.4  ,3.8
5566  ,1.951e-01   ,2.5  ,2.4  ,1.3811
5603  ,2.143e-01   ,2.4  ,-0.3  ,0
5617  ,2.106e-01   ,-2.1  ,2.5  ,0.1
5637  ,2.226e-01   ,-2.3  ,-1.9695  ,4.8
5641  ,1.846e-01   ,2.3  ,-2.5  ,3.4636
5645  ,3.112e-01   ,-2.4  ,-2.5  ,2
5649  ,3.153e-01   ,-2.4  ,-2.5  ,2.2
5659  ,3.054e-01   ,-2.3  ,-2.5  ,1.7774
5662  ,3.242e-02   ,2.1765  ,-2.5  ,4.8
5666  ,2.415e-02   ,2.4  ,-2.5  ,4.8
5669  ,2.681e-02   ,2.3  ,-2.3412  ,4.8
5695  ,2.541e-01   ,-2.4  ,0.7  ,0
5701  ,2.174e-01   ,-2.5  ,2.4  ,1.6
5715  ,2.183e-01   ,-2.4  ,2.5  ,1.8
5726  ,2.185e-01   ,-0.7  ,2.5  ,0.1
5727  ,2.172e-01   ,-1.1  ,2.4  ,0
5730  ,2.329e-01   ,2.3  ,-2.5  ,1.7774
5746  ,1.793e-01   ,2.5  ,2.4  ,1.7753
5755  ,5.293e-02   ,2.5  ,-2.4  ,4.4
5763  ,5.076e-02   ,2.4  ,-2.5  ,4.4
5773  ,1.209e-01   ,1.0491  ,2.5  ,4.9
5791  ,1.798e-01   ,-0.72473  ,2.4  ,5
5795  ,8.108e-02   ,1.8375  ,2.4  ,5
5803  ,2.335e-01   ,-0.3  ,-2.4  ,5
5810  ,6.554e-02   ,2.4  ,1.6404  ,5
5836  ,2.255e-01   ,-2.5  ,1.3  ,4.9
5860  ,2.329e-01   ,2.5  ,-2.4  ,1.6
5866  ,2.695e-01   ,1.5  ,-2.5  ,0.1
5884  ,2.181e-01   ,-2.4  ,-0.3  ,5
5888  ,2.137e-01   ,-2.5  ,-0.5  ,4.9
5901  ,2.324e-01   ,2.3  ,-2.5  ,2.5
5908  ,2.375e-01   ,2.5  ,-2.4  ,1.2
5909  ,2.335e-01   ,2.5  ,-2.4  ,2
5934  ,5.113e-02   ,1.9  ,-2.5  ,4.9
5938  ,5.142e-02   ,1.933  ,-2.5  ,4.8
5948  ,2.176e-01   ,-2.4  ,-2.5  ,4.6
5950  ,2.043e-01   ,-2.4707  ,-2.4707  ,4.9
5951  ,2.038e-01   ,-2.5  ,-2.4  ,4.8
5952  ,2.033e-01   ,-2.5  ,-2.3  ,4.9
5986  ,1.564e-01   ,2.3  ,-2.5  ,3.7085
5990  ,1.877e-01   ,-0.92182  ,2.5  ,4.9
6019  ,2.289e-01   ,2.5  ,1.9  ,0.1
6025  ,2.091e-01   ,2.4  ,-1.3  ,0
6035  ,2.312e-01   ,-2.5  ,1.9  ,4.9
6044  ,2.214e-01   ,0.1  ,2.5  ,0.1
6054  ,2.169e-01   ,2.4  ,0.1  ,0
6070  ,2.113e-01   ,-2.4  ,2.3  ,0
6071  ,2.095e-01   ,-2.3  ,2.4  ,0
6076  ,2.178e-01   ,-2.4  ,2.1  ,0
6083  ,2.101e-01   ,2.1  ,-2.4  ,0
6084  ,2.351e-01   ,2.4  ,2.3  ,0
6087  ,2.352e-01   ,2.3  ,2.4  ,0
6092  ,2.829e-01   ,-2.4  ,-2.5  ,0.4
6096  ,2.817e-01   ,-2.3  ,-2.5  ,0.1
6099  ,3.204e-01   ,0.7  ,-2.5  ,0.1
6149  ,2.729e-01   ,-2.4  ,-0.9  ,0
6159  ,3.230e-01   ,-2.5  ,-2.4  ,2.6
6183  ,1.129e-01   ,1.2462  ,2.5  ,4.9
6224  ,1.130e-01   ,2.5  ,-2.4  ,4
6228  ,1.431e-01   ,2.4  ,-2.5  ,3.8
6237  ,2.222e-01   ,2.5  ,0.7  ,0.1
6241  ,5.892e-02   ,2.5  ,2.3333  ,4.6998
6245  ,1.875e-01   ,2.5  ,2.4  ,1.5782
6259  ,2.234e-02   ,2.5  ,-2.1044  ,4.9
6265  ,2.865e-02   ,2.3  ,-1.9804  ,4.8
6267  ,1.905e-02   ,2.5  ,-2.3015  ,4.9
6268  ,1.666e-02   ,2.4707  ,-2.4  ,4.9707
6270  ,2.246e-02   ,2.4  ,-2.1044  ,5
6317  ,2.299e-01   ,-2.3  ,0.2278  ,4.8
6349  ,1.725e-01   ,-0.52764  ,2.4  ,5
6391  ,1.806e-01   ,2.4  ,2.5  ,1.7753
6440  ,2.245e-01   ,-2.5  ,2.4  ,3.8
6471  ,4.759e-02   ,2.5  ,-0.92182  ,4.9
6489  ,7.171e-02   ,2.5  ,1.2462  ,4.9
6523  ,3.012e-01   ,-1.1  ,-2.4  ,0
6528  ,2.995e-01   ,-1.1  ,-2.5  ,0.1
6535  ,3.047e-01   ,-0.9  ,-2.4  ,0
6538  ,1.134e-01   ,1.5  ,-2.4  ,5
6541  ,1.131e-01   ,1.5  ,-2.5  ,4.9
6551  ,5.179e-02   ,2.5  ,-0.72473  ,4.9
6564  ,6.312e-02   ,2.1331  ,2.4973  ,4.923
6565  ,7.002e-02   ,2.0345  ,2.5  ,4.9
6572  ,2.066e-01   ,2.4  ,-1.7  ,0
6581  ,2.355e-01   ,0  ,2.3  ,0.2
6592  ,2.219e-01   ,2.3  ,-1.9695  ,0.2
6594  ,2.205e-01   ,0.3  ,2.4  ,0
6601  ,2.221e-01   ,0.5  ,2.5  ,0.1
6605  ,2.755e-01   ,-2.4  ,-1.3  ,0
6606  ,2.744e-01   ,-2.4  ,-1.1  ,0
6615  ,2.674e-01   ,-2.4  ,-0.3  ,0
6634  ,3.078e-02   ,2.1  ,-2.5  ,4.9
6635  ,1.840e-02   ,2.4  ,-2.4707  ,4.9707
6636  ,2.090e-02   ,2.3  ,-2.4  ,5
6647  ,3.245e-01   ,0.5  ,-2.5  ,0.1
6704  ,2.065e-01   ,-2.4707  ,2.4707  ,0.1
6708  ,2.096e-01   ,-2.5  ,2.4  ,0.2
6712  ,2.240e-01   ,-2.4  ,2.5  ,3.6
6715  ,2.235e-01   ,-2.4  ,2.5  ,3.4
6728  ,2.211e-01   ,-2.5  ,0.7  ,4.9
6753  ,2.279e-01   ,-2.1044  ,2.4  ,5
6788  ,8.023e-02   ,2.5  ,2.4  ,4.3375
6791  ,2.345e-01   ,-1.933  ,-2.5  ,4.8
6795  ,6.155e-02   ,2.1998  ,2.5  ,4.8333
6837  ,2.874e-01   ,-2.3  ,-2.5  ,0.8063
6869  ,3.041e-02   ,2.5  ,-1.7102  ,4.9
6873  ,2.651e-02   ,2.4  ,-1.9073  ,5
6880  ,4.757e-02   ,2.4  ,-0.92182  ,5
6885  ,5.565e-02   ,2.4  ,-0.52764  ,5
6893  ,7.206e-02   ,2.4  ,1.2462  ,5
6914  ,2.229e-01   ,0.7  ,2.5  ,0.1
6920  ,2.227e-01   ,0.9  ,2.4  ,0
6923  ,2.215e-01   ,0.7  ,2.4  ,0
6936  ,1.906e-01   ,2.4  ,-2.5  ,3.4
6939  ,2.054e-01   ,2.3  ,-2.5  ,3.2226
6961  ,2.328e-01   ,-0.1  ,-2.5  ,4.9
6967  ,2.082e-01   ,-2.5  ,-1.5  ,4.9
6975  ,2.246e-01   ,-2.4  ,1.1  ,5
6978  ,2.082e-01   ,-2.4  ,2.5  ,0.2
6987  ,3.861e-02   ,2.4  ,-1.316  ,5
6994  ,2.078e-01   ,2.4  ,-1.5  ,0
7004  ,1.693e-01   ,2.4  ,-2.5  ,3.6
7011  ,7.086e-02   ,2.4  ,0.65491  ,5
7016  ,6.913e-02   ,2.4  ,0.45782  ,5
7019  ,1.650e-01   ,2.5  ,2.4  ,2.1695
7021  ,1.718e-01   ,2.5  ,2.4  ,1.9724
7052  ,2.164e-01   ,-1.3  ,2.5  ,0.1
7054  ,2.889e-01   ,-2.4  ,-2.5  ,0.8
7057  ,3.255e-01   ,0.3  ,-2.5  ,0.1
7065  ,3.255e-01   ,0.24243  ,-2.5  ,0.2
7075  ,6.096e-02   ,2.4888  ,2.4325  ,4.6656
7113  ,3.229e-01   ,-2.4  ,-2.5  ,2.6
7121  ,3.247e-01   ,-2.4  ,-2.5  ,2.8
7126  ,3.237e-01   ,-2.5  ,-2.4  ,2.8
7128  ,2.816e-01   ,-2.4707  ,-2.4707  ,0.1
7129  ,2.816e-01   ,-2.4  ,-2.4707  ,0.029289
7141  ,2.379e-01   ,-1.7  ,-2.4  ,5
7145  ,2.236e-01   ,1.1  ,2.4  ,0
7163  ,2.164e-01   ,-1.7102  ,2.4  ,5
7172  ,2.061e-01   ,2.5  ,-2.4  ,3.2
7174  ,2.235e-01   ,-2.5  ,2.4  ,3.6
7183  ,2.374e-01   ,-1.4531  ,-2.5  ,4.8
7204  ,5.016e-02   ,2.3  ,-0.81068  ,4.8
7220  ,6.435e-02   ,2.5  ,0.063638  ,4.9
7227  ,2.109e-01   ,2.5  ,-1.9  ,0.1
7256  ,2.329e-01   ,-0.1  ,-2.4  ,5
7280  ,1.660e-01   ,-0.33054  ,2.4  ,5
7299  ,4.292e-02   ,2.5  ,-1.1189  ,4.9
7316  ,2.901e-01   ,-2.5  ,-2.4  ,0.8
7323  ,2.931e-01   ,-2.4  ,-2.5  ,1
7396  ,1.683e-01   ,1.1  ,-2.4  ,5
7400  ,2.537e-01   ,-2.5  ,0.7  ,0.1
7409  ,1.428e-01   ,1.3  ,-2.4  ,5
7420  ,2.311e-01   ,2.5  ,2.1  ,0.1
7429  ,2.301e-01   ,2.4  ,1.9  ,0
7436  ,2.117e-01   ,2.5  ,-1.7  ,0.1
7438  ,2.268e-01   ,2.4  ,-2.5  ,2.8
7445  ,4.668e-02   ,2.4325  ,2.1656  ,4.9888
7464  ,2.126e-01   ,2.5  ,-1.5  ,0.1
7480  ,2.162e-01   ,2.5  ,-2.4  ,0.2
7482  ,2.318e-01   ,1.9  ,-2.5  ,0.1
7483  ,2.499e-01   ,1.7  ,-2.5  ,0.1
7486  ,5.312e-02   ,1.9  ,-2.4  ,5
7488  ,8.473e-02   ,1.6937  ,-2.5  ,4.8
7492  ,3.139e-02   ,2.1  ,-2.4  ,5
7495  ,3.236e-01   ,0.1  ,-2.5  ,0.1
7504  ,3.238e-01   ,0.3  ,-2.4  ,0
7507  ,3.132e-01   ,0.9  ,-2.5  ,0.1
7533  ,2.498e-01   ,-2.5  ,0.9  ,0.1
7536  ,3.201e-01   ,-2.4  ,-2.5  ,3.2
7540  ,3.240e-01   ,-2.4  ,-2.5  ,3
7545  ,3.218e-01   ,-2.5  ,-2.4  ,3
7582  ,2.248e-01   ,1.3  ,2.5  ,0.1
7588  ,1.583e-01   ,2.5  ,2.4  ,2.3665
7598  ,2.278e-01   ,-2.5  ,2.4  ,4.2
7607  ,2.261e-01   ,1.5333  ,2.3  ,0.2
7627  ,2.240e-01   ,-2.5  ,1.1  ,4.9
7651  ,2.054e-01   ,2.4  ,-1.9  ,0
7656  ,2.269e-01   ,2.5  ,2.4  ,0.39564
7660  ,5.056e-02   ,2.2299  ,2.3  ,4.7299
7668  ,1.220e-01   ,1.4531  ,-2.5  ,4.8
7676  ,2.309e-01   ,0.1  ,-2.5  ,4.9
7683  ,2.307e-01   ,0.1  ,-2.4  ,5
7686  ,2.153e-01   ,-2.4  ,-1.1  ,5
7702  ,2.391e-01   ,-2.3  ,-2.5  ,4.433
7710  ,2.231e-01   ,-2.3  ,-2.5  ,4.6765
7752  ,1.890e-01   ,0.9  ,-2.4  ,5
7763  ,2.281e-01   ,0.24243  ,-2.5  ,4.8
7767  ,3.168e-01   ,-2.5  ,-2.4  ,3.2
7768  ,2.800e-01   ,-2.4  ,-2.1  ,0
7776  ,2.502e-01   ,-2.4  ,0.9  ,0
7786  ,2.329e-01   ,-0.4838  ,-2.5  ,4.8
7800  ,3.154e-02   ,2.5  ,-2.4  ,4.6
7805  ,2.095e-01   ,-2.5  ,-1.3  ,4.9
7811  ,2.108e-01   ,-2.5  ,-1.1  ,4.9
7820  ,2.100e-01   ,2.5  ,-2.1  ,0.1
7824  ,2.042e-01   ,2.4  ,-2.1  ,0
7828  ,8.024e-02   ,2.4  ,-2.5  ,4.2
7831  ,1.125e-01   ,2.4  ,-2.5  ,4
7838  ,8.170e-02   ,2.5  ,-2.4  ,4.2
7839  ,1.451e-01   ,2.5  ,2.4  ,2.7607
7840  ,1.386e-01   ,2.5  ,2.4  ,2.9578
7863  ,2.765e-01   ,-2.4  ,-1.5  ,0
7890  ,2.217e-01   ,2.4  ,0.9  ,0
7897  ,2.711e-01   ,-2.4  ,-0.7  ,0
7912  ,2.940e-01   ,-1.5  ,-2.4  ,0
7917  ,2.963e-01   ,-1.3  ,-2.5  ,0.1
7931  ,2.207e-01   ,0.5  ,2.4  ,0
7934  ,2.963e-01   ,1.1  ,-2.4  ,0
7937  ,2.398e-01   ,2.4  ,-2.5  ,0.8
7941  ,2.854e-01   ,-2.4  ,-2.5  ,0.6
7969  ,2.113e-01   ,-2.5  ,2.3  ,0.1
7971  ,2.242e-01   ,-2.4  ,1.9  ,0
7972  ,2.126e-01   ,-1.9  ,2.5  ,0.1
7978  ,2.459e-01   ,-2.4  ,1.1  ,0
7996  ,2.175e-01   ,-2.4  ,-0.5  ,5
8000  ,2.865e-01   ,-2.5  ,-2.4  ,0.6
8003  ,2.836e-01   ,-2.5  ,-2.4  ,0.4
8025  ,2.238e-01   ,0.9  ,2.5  ,0.1
8035  ,2.217e-01   ,0.3  ,2.5  ,0.1
8039  ,2.247e-01   ,2.3  ,-2.5  ,0.32348
8041  ,2.191e-01   ,2.3  ,-2.3379  ,0.2
8043  ,2.234e-01   ,2.1765  ,-2.5  ,0.2
8045  ,2.996e-01   ,-0.96359  ,-2.5  ,0.2
8054  ,2.246e-01   ,1.3  ,2.4  ,0
8058  ,2.242e-01   ,1.1  ,2.5  ,0.1
8062  ,2.171e-01   ,-2.5  ,2.4  ,1.4
8067  ,2.150e-01   ,-2.5  ,2.4  ,0.8
8087  ,2.357e-01   ,-2.5  ,1.5  ,0.1
8132  ,1.595e-01   ,-0.13345  ,2.4  ,5
8183  ,2.156e-01   ,2.5  ,-0.9  ,0.1
8184  ,2.603e-01   ,1.6937  ,-2.5  ,0.2
8214  ,2.042e-01   ,-2.4707  ,-2.4  ,4.9707
8217  ,2.279e-01   ,-2.1  ,-2.4  ,5
8219  ,2.316e-01   ,-2.4  ,-2.5  ,4.4
8227  ,1.320e-01   ,2.5  ,2.4  ,3.1549
8242  ,2.057e-01   ,0.7  ,-2.5  ,4.9
8248  ,1.685e-01   ,2.5  ,-2.4  ,3.6
8254  ,2.177e-01   ,2.5  ,-0.3  ,0.1
8256  ,2.171e-01   ,2.5  ,-0.5  ,0.1
8258  ,2.331e-01   ,-0.3  ,-2.5  ,4.9
8263  ,2.320e-01   ,-0.5  ,-2.5  ,4.9
8268  ,3.011e-01   ,-2.3  ,-2.5  ,3.7085
8277  ,3.196e-01   ,-0.1  ,-2.5  ,0.1
8285  ,1.688e-01   ,1.1  ,-2.5  ,4.9
8307  ,2.203e-01   ,0.1  ,2.4  ,0
8308  ,2.211e-01   ,-0.1  ,2.5  ,0.1
8309  ,2.199e-01   ,-0.1  ,2.4  ,0
8313  ,2.090e-01   ,2.5  ,-2.3  ,0.1
8318  ,2.182e-01   ,2.5  ,-2.4  ,3
8338  ,1.254e-01   ,2.5  ,2.4  ,3.352
8339  ,1.345e-01   ,2.4  ,2.5  ,3.1549
8344  ,2.225e-01   ,-2.5  ,2.4  ,3.4
8357  ,4.706e-02   ,2.4888  ,2.1656  ,4.9325
8358  ,5.188e-02   ,2.5  ,2.1998  ,4.8333
8383  ,2.900e-01   ,-1.7  ,-2.4  ,0
8396  ,3.024e-01   ,1.1  ,-2.5  ,0.1
8399  ,4.895e-02   ,2.4526  ,2.1331  ,4.9851
8405  ,2.397e-01   ,2.5  ,-2.4  ,1
8412  ,2.398e-01   ,2.3  ,-2.5  ,0.8063
8417  ,3.203e-01   ,-2.3  ,-2.5  ,2.5
8434  ,1.838e-01   ,0.9636  ,-2.5  ,4.8
8438  ,3.147e-01   ,-0.3  ,-2.5  ,0.1
8452  ,2.189e-01   ,-2.4  ,-0.1  ,5
8468  ,1.101e-01   ,2.5  ,2.4  ,3.7462
8471  ,2.344e-01   ,-1.3  ,-2.5  ,4.9
8493  ,2.320e-01   ,-1.1  ,-2.5  ,4.9
8509  ,2.774e-01   ,-2.5  ,-1.7  ,0.1
8517  ,2.220e-01   ,-2.4  ,2.5  ,3
8531  ,2.303e-01   ,-2.4  ,1.7  ,0
8556  ,1.181e-01   ,2.5  ,2.4  ,3.5491
8573  ,2.027e-01   ,-1.316  ,2.4  ,5
8576  ,2.411e-01   ,-2.4  ,1.3  ,0
8611  ,2.364e-01   ,2.3  ,-2.5  ,1.2915
8618  ,2.256e-01   ,-2.4  ,2.5  ,4
8646  ,2.456e-01   ,-2.5  ,1.1  ,0.1
8656  ,2.136e-01   ,2.5  ,-1.3  ,0.1
8657  ,2.326e-01   ,2.4  ,2.1  ,0
8673  ,2.167e-01   ,-1.3  ,2.4  ,0
8692  ,2.043e-01   ,0.72263  ,-2.5  ,4.8
8696  ,2.395e-01   ,2.3  ,-2.5  ,1.0469
8706  ,7.047e-02   ,2.5  ,0.65491  ,4.9
8721  ,3.041e-01   ,-2.4  ,-2.5  ,1.6
8725  ,1.333e-01   ,0.65491  ,2.4  ,5
8739  ,6.088e-02   ,2.1656  ,2.4325  ,4.9888
8741  ,5.891e-02   ,2.1998  ,2.3333  ,5
8746  ,2.833e-01   ,-2.1  ,-2.4  ,0
8748  ,2.983e-01   ,-2.5  ,-2.4  ,1.2
8752  ,6.357e-02   ,2.1331  ,2.4526  ,4.9851
8759  ,2.924e-01   ,-2.3  ,-2.5  ,1.0469
8787  ,3.206e-01   ,-0.1  ,-2.4  ,0
8793  ,3.149e-01   ,-2.3  ,-2.5  ,2.2576
8795  ,3.195e-01   ,-2.4  ,-2.5  ,2.4
8798  ,2.600e-01   ,-2.3  ,-2.5  ,4.1937
8808  ,2.822e-01   ,-2.3  ,-2.5  ,3.9531
8814  ,2.133e-01   ,-2.4  ,-1.5  ,5
8849  ,2.191e-01   ,0.4838  ,-2.5  ,4.8
8851  ,2.498e-01   ,-2.4  ,-2.5  ,4.2
8868  ,2.190e-01   ,2.4  ,-2.5  ,3
8874  ,1.265e-01   ,0.852  ,2.4  ,5
8883  ,2.328e-01   ,-0.5  ,-2.4  ,5
8886  ,2.318e-01   ,-0.72262  ,-2.5  ,4.8
8893  ,2.306e-01   ,-0.7  ,-2.5  ,4.9
8897  ,2.965e-01   ,-2.5  ,-2.4  ,3.6
8899  ,3.142e-01   ,-2.3  ,-2.5  ,3.4636
8900  ,2.765e-01   ,-2.3  ,-1.4729  ,0.2
8906  ,2.756e-01   ,-2.5  ,-1.3  ,0.1
8910  ,1.280e-01   ,0.852  ,2.5  ,4.9
8925  ,2.172e-01   ,-2.4  ,2.5  ,1.4
8941  ,2.362e-01   ,2.4707  ,2.4  ,0.029289
8942  ,2.335e-01   ,2.5  ,2.3  ,0.1
8945  ,2.171e-01   ,-2.5  ,0.1  ,4.9
8950  ,2.351e-01   ,2.4707  ,2.4707  ,0.1
8951  ,2.363e-01   ,2.4  ,2.4707  ,0.029289
8959  ,6.719e-02   ,2.4  ,0.26073  ,5
8965  ,1.400e-01   ,0.45782  ,2.4  ,5
8978  ,7.243e-02   ,2.4  ,0.852  ,5
8983  ,2.147e-01   ,2.5  ,-1.1  ,0.1
8991  ,2.137e-01   ,-2.5  ,2.4  ,0.6
9008  ,7.182e-02   ,2.5  ,0.852  ,4.9
9011  ,2.692e-01   ,-2.4  ,-0.5  ,0
9025  ,2.924e-01   ,-1.5  ,-2.5  ,0.1
9038  ,2.329e-01   ,2.4  ,-2.5  ,2
9041  ,2.231e-01   ,2.5  ,0.9  ,0.1
9050  ,2.214e-01   ,2.5  ,0.5  ,0.1
9054  ,3.085e-01   ,0.9  ,-2.4  ,0
9060  ,2.287e-01   ,2.4  ,-2.5  ,0.4
9062  ,2.353e-01   ,2.3  ,-2.5  ,0.56701
9064  ,2.285e-01   ,2.5  ,-2.4  ,0.4
9069  ,2.364e-01   ,2.4  ,-2.5  ,0.6
9071  ,2.822e-01   ,1.4531  ,-2.5  ,0.2
9082  ,2.975e-01   ,-2.3  ,-2.5  ,1.2915
9086  ,3.008e-01   ,-2.4  ,-2.5  ,1.4
9091  ,3.021e-01   ,-2.5  ,-2.4  ,1.4
9094  ,1.431e-01   ,1.3  ,-2.5  ,4.9
9097  ,3.058e-01   ,-0.7  ,-2.5  ,0.1
9137  ,2.128e-01   ,-2.5  ,-0.7  ,4.9
9143  ,2.158e-01   ,-2.5  ,-0.1  ,4.9
9146  ,2.117e-01   ,-2.1  ,2.4  ,0
9148  ,2.291e-01   ,-2.5  ,1.7  ,4.9
9173  ,2.205e-01   ,-2.5  ,2.4  ,3
9192  ,2.318e-01   ,-0.7  ,-2.4  ,5
9195  ,3.224e-01   ,0.72263  ,-2.5  ,0.2
9209  ,1.896e-01   ,2.5  ,-2.4  ,3.4
9215  ,3.144e-01   ,0.9636  ,-2.5  ,0.2
9217  ,2.070e-01   ,2.4  ,-2.5  ,3.2
9218  ,2.324e-01   ,-0.96359  ,-2.5  ,4.8
9229  ,2.216e-01   ,-2.4  ,2.5  ,2.8
9248  ,5.094e-02   ,2.3  ,-2.5  ,4.433
9255  ,2.243e-01   ,2.5  ,1.3  ,0.1
9257  ,2.258e-01   ,2.4  ,1.5  ,0
9262  ,2.177e-01   ,0.5  ,-2.4  ,5
9264  ,6.216e-02   ,2.4  ,-0.13345  ,5
9272  ,1.533e-01   ,0.063638  ,2.4  ,5
9277  ,2.167e-01   ,-2.5  ,2.4  ,1.2
9279  ,6.670e-02   ,2.5  ,0.26073  ,4.9
9282  ,1.563e-01   ,1.2085  ,-2.5  ,4.8
9286  ,1.894e-01   ,0.9  ,-2.5  ,4.9
9292  ,2.356e-01   ,-2.4  ,2.4707  ,4.9707
9293  ,2.329e-01   ,-2.3015  ,2.4  ,5
9296  ,2.101e-01   ,-2.4  ,-2.1  ,5
9303  ,2.113e-01   ,-2.4  ,-1.9  ,5
9311  ,2.344e-01   ,-2.4  ,2.3  ,5
9313  ,2.198e-01   ,-2.4  ,0.1  ,5
9319  ,3.127e-01   ,-0.5  ,-2.4  ,0
9328  ,3.015e-01   ,-2.3  ,-2.5  ,1.5364
9334  ,2.082e-01   ,-2.3  ,2.5  ,0.1
9338  ,3.206e-01   ,-2.5  ,-2.4  ,2.4
9339  ,2.408e-01   ,-2.5  ,1.3  ,0.1
9341  ,3.243e-01   ,-2.3  ,-2.5  ,2.7424
9344  ,3.171e-01   ,-2.5  ,-2.4  ,2.2
9358  ,2.352e-01   ,-2.3  ,2.3  ,2.5
9364  ,2.046e-01   ,-2.5  ,-2.1  ,4.9
9367  ,2.091e-01   ,-2.4  ,-2.3  ,5
9374  ,2.143e-01   ,-2.4  ,-1.3  ,5
9378  ,2.176e-01   ,-2.5  ,2.4  ,1.8
9384  ,2.336e-01   ,2.3  ,-2.5  ,2.0162
9385  ,2.303e-01   ,-2.5  ,2.4  ,4.4
9389  ,2.180e-01   ,-2.5  ,2.4  ,2
9395  ,1.904e-02   ,2.4  ,-2.3015  ,5
9396  ,2.776e-01   ,-2.4  ,-1.7  ,0
9407  ,2.258e-01   ,-2.3  ,-1.4729  ,4.8
9411  ,2.070e-01   ,-2.5  ,-1.7  ,4.9
9423  ,3.024e-01   ,-2.4  ,-2.5  ,3.6
9432  ,2.053e-01   ,0.7  ,-2.4  ,5
9438  ,2.118e-01   ,-2.5  ,-0.9  ,4.9
9443  ,2.147e-01   ,-2.5  ,-0.3  ,4.9
9445  ,2.368e-01   ,-2.4707  ,2.4  ,4.9707
9448  ,4.313e-02   ,2.4  ,-1.1189  ,5
9453  ,2.204e-01   ,2.4  ,0.7  ,0
9455  ,2.310e-01   ,2.5  ,-2.4  ,2.6
9457  ,2.197e-01   ,2.3  ,-2.5  ,2.9838
9494  ,2.156e-01   ,-2.4  ,2.5  ,1
9500  ,2.265e-01   ,0.3  ,-2.5  ,4.9
9504  ,2.260e-01   ,0.3  ,-2.4  ,5
9506  ,2.176e-01   ,2.1  ,-2.5  ,0.1
9518  ,2.848e-01   ,-1.9  ,-2.5  ,0.1
9528  ,2.099e-01   ,2.3  ,-2.5  ,0.1
9531  ,2.088e-01   ,2.4707  ,-2.4707  ,0.1
9533  ,2.039e-01   ,2.4707  ,-2.4  ,0.029289
9534  ,2.040e-01   ,2.4  ,-2.4707  ,0.029289
9541  ,2.182e-01   ,0.5  ,-2.5  ,4.9
9544  ,3.099e-01   ,-0.5  ,-2.5  ,0.1
9559  ,2.058e-01   ,-2.5  ,-1.9  ,4.9
9562  ,2.330e-01   ,-2.5  ,2.4  ,4.6
9565  ,2.189e-01   ,-2.4  ,2.5  ,2
9571  ,2.806e-01   ,-2.5  ,-2.4  ,3.8
9574  ,2.878e-01   ,-2.4  ,-2.5  ,3.8
9577  ,2.877e-01   ,1.3  ,-2.5  ,0.1
9582  ,2.732e-01   ,-2.5  ,-0.9  ,0.1
9596  ,2.328e-01   ,2.1  ,2.4  ,0
9598  ,2.227e-01   ,-2.4  ,2.5  ,3.2
9602  ,2.257e-01   ,1.5  ,2.5  ,0.1
9610  ,2.270e-01   ,2.4  ,2.5  ,0.39564
9612  ,1.799e-01   ,-0.72473  ,2.5  ,4.9
9614  ,2.272e-01   ,1.7  ,2.5  ,0.1
9635  ,2.269e-01   ,2.5  ,1.7  ,0.1
9646  ,2.337e-01   ,2.3  ,2.5  ,0.1
9651  ,6.075e-02   ,2.1656  ,2.4888  ,4.9325
9653  ,3.842e-02   ,2.5  ,-1.316  ,4.9
9656  ,2.123e-01   ,-2.4  ,-1.7  ,5
9659  ,3.228e-02   ,2.3  ,-2.5  ,4.6765
9661  ,1.215e-01   ,2.3  ,-2.5  ,3.9531
9664  ,2.160e-01   ,-2.3  ,-2.4  ,5
9666  ,2.234e-01   ,1.9  ,-2.4  ,0
9677  ,2.192e-01   ,2.4  ,0.5  ,0
9678  ,2.746e-01   ,-2.5  ,-1.1  ,0.1
9680  ,2.020e-01   ,2.5  ,2.4  ,1.184
9681  ,2.321e-01   ,2.5  ,2.4  ,0.19855
9696  ,3.098e-01   ,-2.3  ,-2.5  ,2.0162
9698  ,2.029e-01   ,2.4  ,-2.3  ,0
9699  ,3.142e-01   ,-0.24243  ,-2.5  ,0.2
9701  ,3.232e-01   ,0.1  ,-2.4  ,0
9704  ,3.080e-01   ,-0.4838  ,-2.5  ,0.2
9718  ,3.032e-01   ,-0.72262  ,-2.5  ,0.2
9726  ,2.286e-01   ,2.3  ,-0.76628  ,0.2
9727  ,2.119e-01   ,-2.5  ,2.4  ,0.4
9730  ,2.323e-01   ,1.9433E-06  ,-2.5  ,4.8
9731  ,2.336e-01   ,-0.24243  ,-2.5  ,4.8
9732  ,2.186e-01   ,-2.5  ,2.4  ,2.2
9738  ,2.616e-01   ,-2.5  ,-2.4  ,4
9743  ,2.382e-01   ,-1.6937  ,-2.5  ,4.8
9744  ,2.696e-01   ,-2.4  ,-2.5  ,4
9750  ,2.882e-01   ,-1.7  ,-2.5  ,0.1
9752  ,2.866e-01   ,-1.6937  ,-2.5  ,0.2
9754  ,2.978e-01   ,-1.3  ,-2.4  ,0
9759  ,2.075e-01   ,-2.4707  ,2.4  ,0.029289
9760  ,2.065e-01   ,-2.4  ,2.4707  ,0.029289
9768  ,8.397e-02   ,2.3  ,-2.5  ,4.1937
9770  ,3.208e-01   ,1.9433E-06  ,-2.5  ,0.2
9771  ,3.261e-01   ,0.4838  ,-2.5  ,0.2
9772  ,2.163e-01   ,2.4  ,-2.5  ,0.2
9773  ,3.076e-02   ,2.4  ,-2.5  ,4.6
9776  ,6.496e-02   ,2.4  ,0.063638  ,5
9780  ,1.348e-01   ,0.65491  ,2.5  ,4.9
9781  ,2.323e-01   ,2.4  ,2.5  ,0.19855
9782  ,3.254e-01   ,-2.3  ,-2.5  ,2.9838
9786  ,2.962e-01   ,-1.2085  ,-2.5  ,0.2
9787  ,2.916e-01   ,-1.4531  ,-2.5  ,0.2
9790  ,2.034e-01   ,2.3  ,-2.4  ,0
9793  ,6.924e-02   ,2.0345  ,2.4  ,5
9797  ,2.335e-01   ,2.3  ,-2.5  ,1.5364
9798  ,7.299e-02   ,2.4  ,1.0491  ,5
9809  ,1.277e-01   ,2.4  ,2.5  ,3.352
